,Date,Time,Latitude,Longitude,Magnitude(ML),Remarks,Epicenter,Form
1,B.S:2051-8-28 A.D:1994-12-13,Local:11:00UTC:N/A,28.7,82.88,4.6,,Rukum,Did You feel it ?
2,B.S:2051-8-27 A.D:1994-12-12,Local:11:00UTC:N/A,29.84,80.69,4.6,,Darchula,Did You feel it ?
3,B.S:2051-8-12 A.D:1994-11-27,Local:11:00UTC:N/A,29.72,81.56,4.5,,Bajura,Did You feel it ?
4,B.S:2051-8-6 A.D:1994-11-21,Local:11:00UTC:N/A,29.54,81.15,4.2,,Bajhang,Did You feel it ?
5,B.S:2051-7-8 A.D:1994-10-24,Local:11:00UTC:N/A,28.92,82.0,4.7,,Jajarkot,Did You feel it ?
6,B.S:2051-7-6 A.D:1994-10-22,Local:11:00UTC:N/A,29.0,82.26,4.6,,Jajarkot,Did You feel it ?
7,B.S:2051-6-10 A.D:1994-09-25,Local:11:00UTC:N/A,28.34,87.35,4.8,,Sankhuwasabha,Did You feel it ?
8,B.S:2051-5-16 A.D:1994-08-31,Local:11:00UTC:N/A,26.09,79.51,6.0,,India,Did You feel it ?
9,B.S:2051-4-3 A.D:1994-07-17,Local:11:00UTC:N/A,29.37,81.52,5.5,,Bajura,Did You feel it ?
10,B.S:2051-3-11 A.D:1994-06-25,Local:05:45UTC:00:00,27.75,86.16,5.1,,Dolakha,Did You feel it ?
1,B.S:2052-6-18 A.D:1995-10-04,Local:11:15UTC:05:30,28.27,84.44,4.7,NSC,Lamjung,Did You feel it ?
2,B.S:2052-4-23 A.D:1995-08-07,Local:11:00UTC:N/A,25.75,86.24,4.5,NSC,India,Did You feel it ?
3,B.S:2052-4-23 A.D:1995-08-07,Local:11:00UTC:N/A,29.88,81.63,5.0,RSC,Bajura,Did You feel it ?
4,B.S:2052-4-19 A.D:1995-08-03,Local:11:00UTC:N/A,30.04,81.54,4.8,RSC,Humla,Did You feel it ?
5,B.S:2052-3-8 A.D:1995-06-21,Local:11:00UTC:N/A,21.81,85.27,6.0,NSC,India,Did You feel it ?
6,B.S:2052-2-29 A.D:1995-06-11,Local:11:00UTC:N/A,27.22,87.95,4.2,NSC,Taplejung,Did You feel it ?
7,B.S:2052-1-5 A.D:1995-04-17,Local:11:00UTC:N/A,29.51,81.71,4.7,RSC,Bajura,Did You feel it ?
8,B.S:2051-11-7 A.D:1995-02-18,Local:11:00UTC:N/A,27.74,85.88,4.6,NSC,Kavrepalanchowk,Did You feel it ?
9,B.S:2051-10-17 A.D:1995-01-30,Local:11:00UTC:N/A,29.32,82.19,4.3,RSC,Jumla,Did You feel it ?
10,B.S:2051-10-17 A.D:1995-01-30,Local:11:00UTC:N/A,29.38,82.3,4.2,RSC,Jumla,Did You feel it ?
11,B.S:2051-10-16 A.D:1995-01-29,Local:11:00UTC:N/A,26.85,86.11,4.5,NSC,Dhanusa,Did You feel it ?
12,B.S:2051-10-6 A.D:1995-01-19,Local:11:00UTC:N/A,28.35,83.44,4.3,NSC,Magdi,Did You feel it ?
1,B.S:2053-9-15 A.D:1996-12-29,Local:11:00UTC:N/A,29.75,81.828,5.2,RSC,Humla,Did You feel it ?
2,B.S:2053-9-8 A.D:1996-12-22,Local:11:00UTC:N/A,29.011999999999997,81.726,4.4,RSC,Dailekh,Did You feel it ?
3,B.S:2053-8-19 A.D:1996-12-03,Local:11:00UTC:N/A,27.39,86.84200000000001,5.3,NSC,Solukhumbu,Did You feel it ?
4,B.S:2053-7-24 A.D:1996-11-08,Local:11:00UTC:N/A,29.666999999999998,81.699,4.9,RSC,Humla,Did You feel it ?
5,B.S:2053-7-20 A.D:1996-11-04,Local:11:00UTC:N/A,29.63,81.859,4.9,RSC,Mugu,Did You feel it ?
6,B.S:2053-7-1 A.D:1996-10-16,Local:11:00UTC:N/A,28.778000000000002,79.95100000000001,4.4,RSC,,Did You feel it ?
7,B.S:2053-3-27 A.D:1996-07-10,Local:11:00UTC:N/A,29.616,81.98100000000001,4.6,RSC,Mugu,Did You feel it ?
8,B.S:2053-1-15 A.D:1996-04-26,Local:11:00UTC:N/A,27.935,87.705,5.3,NSC,Taplejung,Did You feel it ?
9,B.S:2052-11-17 A.D:1996-02-28,Local:11:00UTC:N/A,27.122,86.766,4.8,NSC,Udayapur,Did You feel it ?
1,B.S:2054-8-24 A.D:1997-12-08,Local:11:00UTC:N/A,27.19,86.85,5.0,NSC,Khotang,Did You feel it ?
2,B.S:2054-8-13 A.D:1997-11-27,Local:11:00UTC:N/A,27.74,87.0,5.5,NSC,Solukhumbu,Did You feel it ?
3,B.S:2054-8-12 A.D:1997-11-26,Local:11:00UTC:N/A,27.75,86.0,4.3,NSC,Dolakha,Did You feel it ?
4,B.S:2054-7-9 A.D:1997-10-24,Local:11:00UTC:N/A,28.66,82.54,5.2,RSC,Rukum,Did You feel it ?
5,B.S:2054-6-26 A.D:1997-10-11,Local:11:00UTC:N/A,27.65,86.41,4.8,NSC,Ramechhap,Did You feel it ?
6,B.S:2054-2-16 A.D:1997-05-28,Local:11:00UTC:N/A,28.68,82.58,4.5,RSC,Rukum,Did You feel it ?
7,B.S:2054-2-9 A.D:1997-05-21,Local:11:00UTC:N/A,23.71,80.47,6.0,NSC,India,Did You feel it ?
8,B.S:2053-12-26 A.D:1997-04-07,Local:11:00UTC:N/A,27.5,87.74600000000001,4.6,NSC,Solukhumbu,Did You feel it ?
9,B.S:2053-12-12 A.D:1997-03-24,Local:11:00UTC:N/A,28.06,85.28,5.0,NSC,Rasuwa,Did You feel it ?
10,B.S:2053-11-8 A.D:1997-02-18,Local:11:00UTC:N/A,29.52,81.33,4.4,RSC,Bajhang,Did You feel it ?
11,B.S:2053-10-29 A.D:1997-02-10,Local:11:00UTC:N/A,28.12,85.33,4.2,NSC,Rasuwa,Did You feel it ?
12,B.S:2053-10-22 A.D:1997-02-03,Local:11:00UTC:N/A,28.09,85.29,4.7,NSC,Rasuwa,Did You feel it ?
13,B.S:2053-10-22 A.D:1997-02-03,Local:11:00UTC:N/A,28.02,85.33,5.0,NSC,Rasuwa,Did You feel it ?
14,B.S:2053-10-20 A.D:1997-02-01,Local:11:00UTC:N/A,28.0,85.303,4.7,NSC,Rasuwa,Did You feel it ?
15,B.S:2053-10-19 A.D:1997-01-31,Local:11:00UTC:N/A,28.078000000000003,85.286,5.8,NSC,Rasuwa,Did You feel it ?
16,B.S:2053-10-19 A.D:1997-01-31,Local:11:00UTC:N/A,28.015,85.301,5.0,NSC,Rasuwa,Did You feel it ?
17,B.S:2053-9-22 A.D:1997-01-05,Local:11:00UTC:N/A,29.785,80.58800000000001,5.6,RSC,Darchula,Did You feel it ?
18,B.S:2053-9-18 A.D:1997-01-01,Local:11:00UTC:N/A,27.005,86.561,4.5,NSC,Udayapur,Did You feel it ?
1,B.S:2055-8-11 A.D:1998-11-26,Local:11:00UTC:N/A,27.859,87.814,5.4,NSC,Taplejung,Did You feel it ?
2,B.S:2055-6-31 A.D:1998-10-16,Local:11:00UTC:N/A,28.076999999999998,85.66,4.9,NSC,Sindhupalchowk,Did You feel it ?
3,B.S:2055-5-26 A.D:1998-09-10,Local:11:00UTC:N/A,27.444000000000003,88.33,5.0,NSC,Taplejung,Did You feel it ?
4,B.S:2055-5-22 A.D:1998-09-06,Local:11:00UTC:N/A,27.796999999999997,87.015,4.7,NSC,Solukhumbu,Did You feel it ?
5,B.S:2055-5-19 A.D:1998-09-03,Local:11:00UTC:N/A,27.873,86.964,5.6,NSC,Solukhumbu,Did You feel it ?
6,B.S:2055-3-32 A.D:1998-07-15,Local:11:00UTC:N/A,29.551,81.247,5.1,NSC,Bajhang,Did You feel it ?
7,B.S:2055-3-14 A.D:1998-06-27,Local:11:00UTC:N/A,27.866,85.81200000000001,5.0,NSC,Sankhuwasabha,Did You feel it ?
8,B.S:2055-2-3 A.D:1998-05-16,Local:11:00UTC:N/A,26.76,84.81700000000001,4.8,NSC,Parsa,Did You feel it ?
9,B.S:2055-1-28 A.D:1998-05-10,Local:11:00UTC:N/A,29.41,82.38,4.7,RSC,Jumla,Did You feel it ?
10,B.S:2054-11-17 A.D:1998-02-28,Local:11:00UTC:N/A,27.15,87.86,5.0,NSC,Panchthar,Did You feel it ?
11,B.S:2054-11-11 A.D:1998-02-22,Local:11:00UTC:N/A,28.72,85.52,5.5,NSC,Tibet,Did You feel it ?
12,B.S:2054-11-1 A.D:1998-02-12,Local:11:00UTC:N/A,27.59,88.19,4.6,NSC,Taplejung,Did You feel it ?
1,B.S:2056-8-26 A.D:1999-12-11,Local:11:00UTC:N/A,30.159000000000002,81.563,4.6,NSC,Humla,Did You feel it ?
2,B.S:2056-6-4 A.D:1999-09-20,Local:11:00UTC:N/A,27.38,87.897,4.5,NSC,Taplejung,Did You feel it ?
3,B.S:2056-5-10 A.D:1999-08-25,Local:11:00UTC:N/A,28.156999999999996,84.742,4.5,NSC,Gorkha,Did You feel it ?
4,B.S:2056-4-26 A.D:1999-08-10,Local:11:00UTC:N/A,27.795,86.208,5.7,NSC,Dolakha,Did You feel it ?
5,B.S:2055-12-25 A.D:1999-04-07,Local:11:00UTC:N/A,29.596,81.226,4.4,RSC,Bajhang,Did You feel it ?
6,B.S:2055-12-15 A.D:1999-03-28,Local:11:00UTC:N/A,30.498,79.257,6.5,RSC,Chamauli/India,Did You feel it ?
7,B.S:2055-12-6 A.D:1999-03-19,Local:11:00UTC:N/A,27.934,85.834,4.8,NSC,Sindhupalchowk,Did You feel it ?
8,B.S:2055-11-8 A.D:1999-02-19,Local:11:00UTC:N/A,29.866999999999997,80.618,4.6,RSC,Darchula,Did You feel it ?
9,B.S:2055-10-29 A.D:1999-02-11,Local:11:00UTC:N/A,28.61,83.348,4.7,NSC,Myagdi,Did You feel it ?
1,B.S:2057-9-17 A.D:2000-12-31,Local:11:00UTC:N/A,27.84,87.71,4.1,NSC,Taplejung,Did You feel it ?
2,B.S:2057-5-18 A.D:2000-09-02,Local:11:00UTC:N/A,28.070999999999998,85.334,4.5,NSC,Nuwakot,Did You feel it ?
3,B.S:2057-2-21 A.D:2000-06-02,Local:11:00UTC:N/A,28.07,83.29,4.2,NSC,Arghanchi,Did You feel it ?
4,B.S:2056-12-5 A.D:2000-03-17,Local:11:00UTC:N/A,27.76,87.55,4.2,NSC,Sankhuwasabha,Did You feel it ?
5,B.S:2056-12-1 A.D:2000-03-13,Local:11:00UTC:N/A,29.77,81.41,4.2,NSC,Bajhang,Did You feel it ?
6,B.S:2056-12-1 A.D:2000-03-13,Local:11:00UTC:N/A,27.99,87.42,5.0,NSC,Taplejung,Did You feel it ?
7,B.S:2056-12-1 A.D:2000-03-13,Local:11:00UTC:N/A,27.73,87.71,5.1,NSC,Sankhuwasabha,Did You feel it ?
8,B.S:2056-11-15 A.D:2000-02-26,Local:11:00UTC:N/A,28.616999999999997,82.314,5.1,NSC,Jajarkot,Did You feel it ?
9,B.S:2056-10-12 A.D:2000-01-25,Local:11:00UTC:N/A,27.378,88.059,4.6,NSC,Taplejung,Did You feel it ?
10,B.S:2056-10-7 A.D:2000-01-20,Local:11:00UTC:N/A,27.928,86.06,4.8,NSC,Sindhupalchowk,Did You feel it ?
1,B.S:2058-9-5 A.D:2001-12-19,Local:11:00UTC:N/A,23.83,89.88,4.8,NSC,Bangaladesh,Did You feel it ?
2,B.S:2058-9-4 A.D:2001-12-18,Local:11:00UTC:N/A,29.58,81.8,4.8,RSC,Mugu,Did You feel it ?
3,B.S:2058-8-14 A.D:2001-11-28,Local:11:00UTC:N/A,29.59,81.77,4.5,RSC,Mugu,Did You feel it ?
4,B.S:2058-8-13 A.D:2001-11-27,Local:11:00UTC:N/A,29.52,81.99,5.2,RSC,Mugu,Did You feel it ?
5,B.S:2058-8-13 A.D:2001-11-27,Local:11:00UTC:N/A,29.63,81.79,5.7,RSC,Mugu,Did You feel it ?
6,B.S:2058-8-13 A.D:2001-11-27,Local:11:00UTC:N/A,29.53,81.81,5.8,RSC,Mugu,Did You feel it ?
7,B.S:2058-7-12 A.D:2001-10-27,Local:11:00UTC:N/A,29.56,81.46,4.7,RSC,Humla,Did You feel it ?
8,B.S:2058-6-12 A.D:2001-09-27,Local:11:00UTC:N/A,26.98,87.78,4.8,NSC,Udayapur,Did You feel it ?
9,B.S:2058-5-29 A.D:2001-09-13,Local:11:00UTC:N/A,29.820999999999998,80.64399999999999,5.0,NSC,Darchula,Did You feel it ?
10,B.S:2058-4-2 A.D:2001-07-16,Local:11:00UTC:N/A,28.29,84.27,4.8,NSC,Lamjung,Did You feel it ?
11,B.S:2058-4-2 A.D:2001-07-16,Local:11:00UTC:N/A,27.97,84.68,5.9,NSC,Gorkha,Did You feel it ?
12,B.S:2058-3-28 A.D:2001-07-11,Local:11:00UTC:N/A,29.506999999999998,81.39399999999999,4.3,NSC,Bajhang,Did You feel it ?
13,B.S:2058-1-3 A.D:2001-04-15,Local:11:00UTC:N/A,29.458000000000002,81.4,4.4,RSC,Bajura,Did You feel it ?
14,B.S:2057-12-23 A.D:2001-04-04,Local:11:00UTC:N/A,27.805999999999997,86.171,4.8,NSC,Dolakha,Did You feel it ?
15,B.S:2057-10-14 A.D:2001-01-26,Local:11:00UTC:N/A,24.173000000000002,69.85300000000001,7.0,NSC,Bhuj/India,Did You feel it ?
1,B.S:2059-8-5 A.D:2002-11-20,Local:11:00UTC:N/A,29.61,81.56,4.4,RSC,Bajura,Did You feel it ?
2,B.S:2059-6-26 A.D:2002-10-11,Local:11:00UTC:N/A,28.28,83.94,4.0,NSC,Kaski,Did You feel it ?
3,B.S:2059-6-24 A.D:2002-10-09,Local:11:00UTC:N/A,28.18,83.9,4.1,NSC,Kaski,Did You feel it ?
4,B.S:2059-5-25 A.D:2002-09-09,Local:11:00UTC:N/A,28.98,28.98,4.1,NSC,Kailali,Did You feel it ?
5,B.S:2059-4-27 A.D:2002-08-11,Local:11:00UTC:N/A,26.97,86.4,4.1,NSC,Udayapur,Did You feel it ?
6,B.S:2059-4-1 A.D:2002-07-16,Local:11:00UTC:N/A,27.75,87.36,4.3,NSC,Sankhuwasava,Did You feel it ?
7,B.S:2059-3-19 A.D:2002-07-02,Local:11:00UTC:N/A,27.17,84.82,4.1,NSC,Parsa,Did You feel it ?
8,B.S:2059-3-7 A.D:2002-06-20,Local:11:00UTC:N/A,25.63,88.38,5.5,NSC,Bangladesh,Did You feel it ?
9,B.S:2059-2-31 A.D:2002-06-13,Local:11:00UTC:N/A,28.23,84.86,4.0,NSC,Dhading,Did You feel it ?
10,B.S:2059-2-25 A.D:2002-06-07,Local:11:00UTC:N/A,28.77,81.12,4.0,RSC,Kailali,Did You feel it ?
11,B.S:2059-2-23 A.D:2002-06-05,Local:11:00UTC:N/A,28.86,80.75,4.0,RSC,Kailali,Did You feel it ?
12,B.S:2059-2-22 A.D:2002-06-04,Local:11:00UTC:N/A,30.71,81.34,6.0,NSC,Tibet,Did You feel it ?
13,B.S:2059-2-22 A.D:2002-06-04,Local:11:00UTC:N/A,28.79,80.53,4.0,NSC,Kanchanpur,Did You feel it ?
14,B.S:2059-1-20 A.D:2002-05-02,Local:11:00UTC:N/A,27.67,86.67,5.2,NSC,Solukhumbu,Did You feel it ?
15,B.S:2059-1-3 A.D:2002-04-15,Local:11:00UTC:N/A,26.87,86.31,4.0,NSC,Udayapur,Did You feel it ?
16,B.S:2058-12-28 A.D:2002-04-09,Local:11:00UTC:N/A,27.46,86.17399999999999,4.0,NSC,Ramechhap,Did You feel it ?
17,B.S:2058-10-22 A.D:2002-02-03,Local:11:00UTC:N/A,27.72,86.37,4.1,NSC,Dolakha,Did You feel it ?
1,B.S:2060-9-5 A.D:2003-12-19,Local:11:00UTC:N/A,27.06,87.97,4.2,NSC,Illam,Did You feel it ?
2,B.S:2060-8-26 A.D:2003-12-11,Local:11:00UTC:N/A,29.85,80.54,4.1,NSC,Darchula,Did You feel it ?
3,B.S:2060-8-20 A.D:2003-12-05,Local:11:00UTC:N/A,28.4,83.93,4.0,NSC,Kaski,Did You feel it ?
4,B.S:2060-8-8 A.D:2003-11-23,Local:11:00UTC:N/A,28.41,83.97,3.6,NSC,Kaski,Did You feel it ?
5,B.S:2060-8-8 A.D:2003-11-23,Local:11:00UTC:N/A,28.45,83.94,4.5,NSC,Kaski,Did You feel it ?
6,B.S:2060-8-8 A.D:2003-11-23,Local:11:00UTC:N/A,28.3,83.88,4.4,NSC,Kaski,Did You feel it ?
7,B.S:2060-8-7 A.D:2003-11-22,Local:11:00UTC:N/A,28.47,83.91,5.0,NSC,Kaski,Did You feel it ?
8,B.S:2060-7-20 A.D:2003-11-05,Local:11:00UTC:N/A,27.78,86.16,4.1,NSC,Dolakha,Did You feel it ?
9,B.S:2060-7-13 A.D:2003-10-29,Local:11:00UTC:N/A,27.26,86.69,4.0,NSC,Khotang,Did You feel it ?
10,B.S:2060-6-13 A.D:2003-09-29,Local:11:00UTC:N/A,27.52,87.86,4.6,NSC,Taplejung,Did You feel it ?
11,B.S:2060-6-8 A.D:2003-09-24,Local:11:00UTC:N/A,28.99,81.96,4.3,NSC,Dailekh,Did You feel it ?
12,B.S:2060-4-21 A.D:2003-08-05,Local:11:00UTC:N/A,27.99,86.03,4.2,NSC,Sidhupalchowk,Did You feel it ?
13,B.S:2060-4-18 A.D:2003-08-02,Local:11:00UTC:N/A,29.51,82.1,4.4,NSC,Mugu,Did You feel it ?
14,B.S:2060-4-13 A.D:2003-07-28,Local:11:00UTC:N/A,28.75,82.52,4.5,,Rukum,Did You feel it ?
15,B.S:2060-3-10 A.D:2003-06-23,Local:11:00UTC:N/A,27.79,87.97,4.8,NSC,Taplejung,Did You feel it ?
16,B.S:2059-12-22 A.D:2003-04-04,Local:11:00UTC:N/A,30.1,80.39,5.0,NSC,Pithoragarh,Did You feel it ?
17,B.S:2059-12-16 A.D:2003-03-29,Local:11:00UTC:N/A,27.46,86.63,4.0,NSC,Tibet,Did You feel it ?
18,B.S:2059-12-12 A.D:2003-03-25,Local:11:00UTC:N/A,27.18,89.59,5.7,NSC,Bhutan,Did You feel it ?
19,B.S:2059-11-15 A.D:2003-02-26,Local:11:00UTC:N/A,28.47,86.01,5.0,NSC,Tibet,Did You feel it ?
1,B.S:2061-9-13 A.D:2004-12-27,Local:11:00UTC:N/A,27.76,86.2,4.2,NSC,"Nagpa, Dolakaha",Did You feel it ?
2,B.S:2061-9-12 A.D:2004-12-26,Local:11:00UTC:N/A,29.9,81.63,4.3,NSC,"Sain, Bajura",Did You feel it ?
3,B.S:2061-8-3 A.D:2004-11-17,Local:11:00UTC:N/A,28.26,84.67,4.1,NSC,"Kharibot, Lamjung",Did You feel it ?
4,B.S:2061-7-25 A.D:2004-11-09,Local:11:00UTC:N/A,28.77,82.95,4.4,NSC,RahalGaun/Rukum,Did You feel it ?
5,B.S:2061-6-20 A.D:2004-10-05,Local:11:00UTC:N/A,26.83,86.55,4.1,NSC,"Simle, Udayapur",Did You feel it ?
6,B.S:2061-5-28 A.D:2004-09-12,Local:11:00UTC:N/A,29.51,81.84,4.4,NSC,"Shirkot, Mugu",Did You feel it ?
7,B.S:2061-5-18 A.D:2004-09-02,Local:11:00UTC:N/A,27.87,85.93,4.2,NSC,"Listikot, Sindhupalchowk",Did You feel it ?
8,B.S:2061-5-7 A.D:2004-08-22,Local:11:00UTC:N/A,28.03,85.24,4.1,NSC,"Kaseri, Rasuwa",Did You feel it ?
9,B.S:2061-4-6 A.D:2004-07-20,Local:11:00UTC:N/A,27.96,85.88,4.5,NSC,"Listikot, Sindhupalchok",Did You feel it ?
10,B.S:2061-4-2 A.D:2004-07-16,Local:11:00UTC:N/A,28.32,84.06,4.6,NSC,"Ghalegaun, Kaski",Did You feel it ?
11,B.S:2061-2-17 A.D:2004-05-29,Local:11:00UTC:N/A,28.58,89.97,4.3,NSC,"Niseldhar, Baglung",Did You feel it ?
12,B.S:2061-2-17 A.D:2004-05-29,Local:11:00UTC:N/A,28.55,82.96,4.9,NSC,"Niseldhar, Baglung",Did You feel it ?
13,B.S:2061-2-17 A.D:2004-05-29,Local:11:00UTC:N/A,28.59,82.98,4.3,NSC,"Niseldhar, Baglung",Did You feel it ?
14,B.S:2060-12-19 A.D:2004-03-31,Local:11:00UTC:N/A,27.18,87.63,4.6,NSC,"Isabun,Terathum",Did You feel it ?
15,B.S:2060-12-5 A.D:2004-03-17,Local:11:00UTC:N/A,27.67,87.82,4.1,NSC,"Amjilesa, Taplejung",Did You feel it ?
16,B.S:2060-11-7 A.D:2004-02-18,Local:11:00UTC:N/A,27.61,87.8,4.7,NSC,"Amjilesa, Taplejung",Did You feel it ?
17,B.S:2060-11-3 A.D:2004-02-14,Local:11:00UTC:N/A,29.67,80.88,4.3,NSC,"Brahmajali, Bhajhang",Did You feel it ?
18,B.S:2060-10-20 A.D:2004-02-02,Local:11:00UTC:N/A,29.32,81.53,4.1,NSC,"Tolideval, Bajura",Did You feel it ?
19,B.S:2060-9-24 A.D:2004-01-07,Local:11:00UTC:N/A,28.07,85.0,4.0,NSC,"Darkha, Dhading",Did You feel it ?
20,B.S:2060-9-20 A.D:2004-01-03,Local:11:00UTC:N/A,27.76,86.07,4.5,NSC,"Listikot, Sindhupalchok",Did You feel it ?
21,B.S:2060-9-20 A.D:2004-01-03,Local:11:00UTC:N/A,27.87,86.06,5.5,,"Listikot, Sindhupalchok",Did You feel it ?
1,B.S:2062-7-21 A.D:2005-11-06,Local:11:00UTC:N/A,29.61,82.02,5.1,NSC,Mugu,Did You feel it ?
2,B.S:2062-7-15 A.D:2005-10-31,Local:11:00UTC:N/A,28.65,84.83,4.5,NSC,Gorkha,Did You feel it ?
3,B.S:2062-7-15 A.D:2005-10-31,Local:11:00UTC:N/A,29.64,82.06,5.1,NSC,Mugu,Did You feel it ?
4,B.S:2062-7-13 A.D:2005-10-29,Local:11:00UTC:N/A,29.5,81.88,5.1,NSC,Mugu,Did You feel it ?
5,B.S:2062-5-13 A.D:2005-08-28,Local:11:00UTC:N/A,27.31,87.22,5.3,NSC,Sankhuwasava,Did You feel it ?
6,B.S:2062-4-25 A.D:2005-08-08,Local:11:00UTC:N/A,27.98,85.51,4.2,NSC,Sindhupalchowk,Did You feel it ?
7,B.S:2062-4-13 A.D:2005-07-27,Local:11:00UTC:N/A,27.47,68.88,4.3,NSC,Solukhumbu,Did You feel it ?
8,B.S:2062-3-1 A.D:2005-06-14,Local:11:00UTC:N/A,27.28,87.89,4.5,NSC,Tibet,Did You feel it ?
9,B.S:2062-1-23 A.D:2005-05-05,Local:11:00UTC:N/A,27.69,87.7,4.1,NSC,Taplejung,Did You feel it ?
10,B.S:2062-1-3 A.D:2005-04-15,Local:11:00UTC:N/A,27.92,85.71,4.1,NSC,Sindhupalchowk,Did You feel it ?
11,B.S:2061-12-26 A.D:2005-04-07,Local:11:00UTC:N/A,29.35,81.88,4.2,NSC,Kalikot,Did You feel it ?
12,B.S:2061-12-23 A.D:2005-04-04,Local:11:00UTC:N/A,28.54,83.31,4.1,NSC,Myagdi,Did You feel it ?
13,B.S:2061-12-23 A.D:2005-04-04,Local:11:00UTC:N/A,28.56,83.18,4.1,NSC,Myagdi,Did You feel it ?
14,B.S:2061-12-17 A.D:2005-03-29,Local:11:00UTC:N/A,28.15,84.37,4.0,NSC,Lamjung,Did You feel it ?
15,B.S:2061-12-17 A.D:2005-03-29,Local:11:00UTC:N/A,28.04,84.74,4.0,NSC,Gorkha,Did You feel it ?
16,B.S:2061-12-17 A.D:2005-03-29,Local:11:00UTC:N/A,28.14,84.8,4.1,NSC,Gorkha,Did You feel it ?
17,B.S:2061-12-17 A.D:2005-03-29,Local:11:00UTC:N/A,28.11,84.77,4.4,NSC,Gorkha,Did You feel it ?
18,B.S:2061-12-7 A.D:2005-03-19,Local:11:00UTC:N/A,28.25,84.39,5.4,NSC,Lamjung,Did You feel it ?
19,B.S:2061-11-23 A.D:2005-03-05,Local:11:00UTC:N/A,28.27,84.39,5.0,NSC,Lamjung,Did You feel it ?
20,B.S:2061-10-27 A.D:2005-02-08,Local:11:00UTC:N/A,27.76,86.07,5.0,NSC,Dolakha,Did You feel it ?
21,B.S:2061-10-4 A.D:2005-01-16,Local:11:00UTC:N/A,29.68,81.14,5.0,NSC,Bajhang,Did You feel it ?
22,B.S:2061-10-4 A.D:2005-01-16,Local:11:00UTC:N/A,29.81,81.04,4.5,NSC,Bajhang,Did You feel it ?
1,B.S:2063-7-26 A.D:2006-11-11,Local:11:00UTC:N/A,27.21,87.63,4.2,NSC,Tehrathum,Did You feel it ?
2,B.S:2063-6-11 A.D:2006-09-26,Local:11:00UTC:N/A,30.1,80.83,4.5,NSC,Darchula,Did You feel it ?
3,B.S:2063-6-4 A.D:2006-09-19,Local:11:00UTC:N/A,29.62,81.54,5.0,NSC,Bajura,Did You feel it ?
4,B.S:2063-6-2 A.D:2006-09-17,Local:11:00UTC:N/A,26.98,87.8,4.2,NSC,Illam,Did You feel it ?
5,B.S:2063-5-15 A.D:2006-08-30,Local:11:00UTC:N/A,29.05,83.6,4.3,NSC,Mustang,Did You feel it ?
6,B.S:2063-4-31 A.D:2006-08-15,Local:11:00UTC:N/A,27.89,85.7,4.3,NSC,Sindhupalchowk,Did You feel it ?
7,B.S:2063-1-23 A.D:2006-05-05,Local:11:00UTC:N/A,29.43,81.26,4.8,NSC,Bajhang,Did You feel it ?
8,B.S:2062-12-23 A.D:2006-04-04,Local:11:00UTC:N/A,27.91,85.83,4.6,NSC,Sindhupalchowk,Did You feel it ?
9,B.S:2062-11-8 A.D:2006-02-19,Local:11:00UTC:N/A,28.24,83.89,4.7,NSC,Baglung,Did You feel it ?
10,B.S:2062-10-22 A.D:2006-02-03,Local:11:00UTC:N/A,27.18,86.8,5.4,NSC,Khotang,Did You feel it ?
1,B.S:2064-8-16 A.D:2007-12-01,Local:11:00UTC:N/A,28.05,85.28,4.1,NSC,Rasuwa,Did You feel it ?
2,B.S:2064-7-20 A.D:2007-11-05,Local:11:00UTC:N/A,28.2,84.45,4.5,NSC,Lamjung,Did You feel it ?
3,B.S:2064-7-13 A.D:2007-10-29,Local:11:00UTC:N/A,27.9,85.45,5.0,NSC,Nuwakot,Did You feel it ?
4,B.S:2064-6-26 A.D:2007-10-12,Local:11:00UTC:N/A,27.75,86.12,4.0,NSC,Dolakha,Did You feel it ?
5,B.S:2064-5-22 A.D:2007-09-07,Local:11:00UTC:N/A,28.05,85.33,4.2,NSC,Rasuwa,Did You feel it ?
6,B.S:2064-5-22 A.D:2007-09-07,Local:11:00UTC:N/A,27.72,86.26,4.1,NSC,Dolakha,Did You feel it ?
7,B.S:2064-4-27 A.D:2007-08-11,Local:11:00UTC:N/A,27.28,87.9,5.2,NSC,Taplejung,Did You feel it ?
8,B.S:2064-4-22 A.D:2007-08-06,Local:11:00UTC:N/A,27.84,85.69,4.1,NSC,Sindhupalchowk,Did You feel it ?
9,B.S:2064-4-19 A.D:2007-08-03,Local:11:00UTC:N/A,27.21,87.97,4.4,NSC,Panchthar,Did You feel it ?
10,B.S:2064-4-19 A.D:2007-08-03,Local:11:00UTC:N/A,27.24,87.02,4.0,NSC,Bhojpur,Did You feel it ?
11,B.S:2064-4-19 A.D:2007-08-03,Local:11:00UTC:N/A,27.2,87.04,4.3,NSC,Bhojpur,Did You feel it ?
12,B.S:2064-4-19 A.D:2007-08-03,Local:11:00UTC:N/A,27.24,87.03,4.5,NSC,Bhojpur,Did You feel it ?
13,B.S:2064-4-17 A.D:2007-08-01,Local:11:00UTC:N/A,29.49,81.91,4.6,NSC,Mugu,Did You feel it ?
14,B.S:2064-4-15 A.D:2007-07-30,Local:11:00UTC:N/A,27.27,87.02,4.1,NSC,Bhojpur,Did You feel it ?
15,B.S:2064-3-24 A.D:2007-07-07,Local:11:00UTC:N/A,28.08,85.3,4.0,NSC,Rasuwa,Did You feel it ?
16,B.S:2064-3-4 A.D:2007-06-17,Local:11:00UTC:N/A,27.83,84.91,4.3,NSC,Dhading,Did You feel it ?
17,B.S:2064-2-22 A.D:2007-06-04,Local:11:00UTC:N/A,27.44,83.89,4.2,NSC,Nepal-India Border,Did You feel it ?
18,B.S:2064-2-3 A.D:2007-05-16,Local:11:00UTC:N/A,27.5,88.08,4.6,NSC,Nepal-India Border,Did You feel it ?
19,B.S:2063-11-27 A.D:2007-03-10,Local:11:00UTC:N/A,29.47,81.73,4.5,NSC,Bajhang,Did You feel it ?
20,B.S:2063-11-4 A.D:2007-02-15,Local:11:00UTC:N/A,29.83,81.45,5.0,NSC,Bajhang,Did You feel it ?
21,B.S:2063-10-24 A.D:2007-02-06,Local:11:00UTC:N/A,28.36,83.43,4.2,NSC,Myagdi,Did You feel it ?
22,B.S:2063-10-24 A.D:2007-02-06,Local:11:00UTC:N/A,28.35,83.43,4.1,NSC,Myagdi,Did You feel it ?
23,B.S:2063-10-23 A.D:2007-02-05,Local:11:00UTC:N/A,30.1,81.05,4.2,NSC,Darchula,Did You feel it ?
1,B.S:2065-9-15 A.D:2008-12-29,Local:11:00UTC:N/A,30.13,82.03,4.0,NSC,Humla,Did You feel it ?
2,B.S:2065-9-12 A.D:2008-12-26,Local:11:00UTC:N/A,30.09,81.9,4.5,NSC,Humla,Did You feel it ?
3,B.S:2065-9-9 A.D:2008-12-23,Local:11:00UTC:N/A,28.19,84.39,4.4,NSC,Lamjung,Did You feel it ?
4,B.S:2065-9-5 A.D:2008-12-19,Local:11:00UTC:N/A,30.1,81.91,4.4,NSC,Humla,Did You feel it ?
5,B.S:2065-8-24 A.D:2008-12-08,Local:11:00UTC:N/A,30.15,81.86,6.0,NSC,Humla,Did You feel it ?
6,B.S:2065-8-18 A.D:2008-12-02,Local:11:00UTC:N/A,27.32,87.99,5.4,NSC,Taplejung,Did You feel it ?
7,B.S:2065-8-18 A.D:2008-12-02,Local:11:00UTC:N/A,27.3,88.03,4.0,NSC,Taplejung,Did You feel it ?
8,B.S:2065-8-18 A.D:2008-12-02,Local:11:00UTC:N/A,27.3,87.99,4.0,NSC,Taplejung,Did You feel it ?
9,B.S:2065-8-18 A.D:2008-12-02,Local:11:00UTC:N/A,27.29,87.92,4.3,NSC,Taplejung,Did You feel it ?
10,B.S:2065-8-18 A.D:2008-12-02,Local:11:00UTC:N/A,27.34,87.92,4.1,NSC,Taplejung,Did You feel it ?
11,B.S:2065-8-17 A.D:2008-12-01,Local:11:00UTC:N/A,28.18,85.29,4.8,NSC,Rasuwa,Did You feel it ?
12,B.S:2065-6-22 A.D:2008-10-07,Local:11:00UTC:N/A,27.47,87.71,4.5,NSC,Taplejung,Did You feel it ?
13,B.S:2065-5-26 A.D:2008-09-10,Local:11:00UTC:N/A,28.4,83.01,4.1,NSC,Baglung,Did You feel it ?
14,B.S:2065-4-19 A.D:2008-08-02,Local:11:00UTC:N/A,28.18,85.29,4.4,NSC,Bajura,Did You feel it ?
15,B.S:2065-3-7 A.D:2008-06-20,Local:11:00UTC:N/A,27.98,85.73,4.8,NSC,Sindhupalchowk,Did You feel it ?
16,B.S:2065-3-2 A.D:2008-06-15,Local:11:00UTC:N/A,29.73,80.96,5.0,NSC,Darchula,Did You feel it ?
17,B.S:2065-2-21 A.D:2008-06-02,Local:11:00UTC:N/A,27.8,85.91,4.1,NSC,Sindhupalchowk,Did You feel it ?
18,B.S:2065-2-8 A.D:2008-05-20,Local:11:00UTC:N/A,28.33,83.33,4.3,NSC,Baglung,Did You feel it ?
19,B.S:2065-1-27 A.D:2008-05-08,Local:11:00UTC:N/A,27.5,87.52,4.2,NSC,Taplejung,Did You feel it ?
20,B.S:2064-12-5 A.D:2008-03-17,Local:11:00UTC:N/A,29.76,81.53,4.6,NSC,Bajhang-Bajura border,Did You feel it ?
21,B.S:2064-11-20 A.D:2008-03-02,Local:11:00UTC:N/A,29.69,81.76,4.4,NSC,Humla,Did You feel it ?
22,B.S:2064-11-5 A.D:2008-02-16,Local:11:00UTC:N/A,26.8,86.25,4.2,NSC,Siraha,Did You feel it ?
23,B.S:2064-11-3 A.D:2008-02-14,Local:11:00UTC:N/A,27.8,86.53,4.1,NSC,Taplejung,Did You feel it ?
24,B.S:2064-10-2 A.D:2008-01-15,Local:11:00UTC:N/A,27.37,86.53,4.1,NSC,Okhaldhunga,Did You feel it ?
1,B.S:2066-9-2 A.D:2009-12-16,Local:11:00UTC:N/A,29.6,81.51,4.6,NSC,Bajura,Did You feel it ?
2,B.S:2066-9-1 A.D:2009-12-15,Local:11:00UTC:N/A,28.28,84.4,4.1,NSC,Lamjung,Did You feel it ?
3,B.S:2066-8-8 A.D:2009-11-22,Local:11:00UTC:N/A,29.02,82.15,4.5,NSC,Jajarkot,Did You feel it ?
4,B.S:2066-7-23 A.D:2009-11-08,Local:11:00UTC:N/A,30.11,81.91,4.3,NSC,Humla,Did You feel it ?
5,B.S:2066-7-17 A.D:2009-11-02,Local:11:00UTC:N/A,27.87,87.94,4.0,NSC,Taplejung,Did You feel it ?
6,B.S:2066-7-16 A.D:2009-11-01,Local:11:00UTC:N/A,30.1,81.81,4.5,NSC,Humla,Did You feel it ?
7,B.S:2066-7-13 A.D:2009-10-29,Local:11:00UTC:N/A,28.73,83.11,4.1,NSC,Rukum,Did You feel it ?
8,B.S:2066-6-11 A.D:2009-09-26,Local:11:00UTC:N/A,29.81,82.05,4.3,NSC,Humla,Did You feel it ?
9,B.S:2066-4-19 A.D:2009-08-02,Local:11:00UTC:N/A,28.12,85.18,4.0,NSC,Rasuwa,Did You feel it ?
10,B.S:2066-3-29 A.D:2009-07-12,Local:11:00UTC:N/A,27.71,86.36,4.3,NSC,Dolakha,Did You feel it ?
11,B.S:2066-2-1 A.D:2009-05-14,Local:11:00UTC:N/A,27.43,87.35,4.2,NSC,Sankhuwasava,Did You feel it ?
12,B.S:2066-2-1 A.D:2009-05-14,Local:11:00UTC:N/A,27.48,87.36,4.6,NSC,Sankhuwasava,Did You feel it ?
13,B.S:2066-1-1 A.D:2009-04-13,Local:11:00UTC:N/A,28.25,84.54,4.3,NSC,Lamjung,Did You feel it ?
14,B.S:2066-1-1 A.D:2009-04-13,Local:11:00UTC:N/A,28.3,84.55,4.0,NSC,Lamjung,Did You feel it ?
15,B.S:2065-11-30 A.D:2009-03-12,Local:11:00UTC:N/A,28.43,84.42,4.1,NSC,Lamjung,Did You feel it ?
16,B.S:2065-11-26 A.D:2009-03-08,Local:11:00UTC:N/A,27.41,87.8,4.5,NSC,Taplejung,Did You feel it ?
17,B.S:2065-10-11 A.D:2009-01-23,Local:11:00UTC:N/A,29.05,81.4,4.2,NSC,Achham,Did You feel it ?
18,B.S:2065-9-27 A.D:2009-01-10,Local:11:00UTC:N/A,27.9,88.04,4.2,NSC,Taplejung,Did You feel it ?
1,B.S:2067-9-4 A.D:2010-12-18,Local:11:00UTC:N/A,28.18,84.79,4.1,NSC,Gorkha,Did You feel it ?
2,B.S:2067-8-20 A.D:2010-12-05,Local:11:00UTC:N/A,29.57,81.699,4.2,NSC,Bajura,Did You feel it ?
3,B.S:2067-8-15 A.D:2010-11-30,Local:11:00UTC:N/A,26.93,85.79,4.4,NSC,Mahottari,Did You feel it ?
4,B.S:2067-8-10 A.D:2010-11-25,Local:11:00UTC:N/A,28.38,82.32,4.5,NSC,Salyan,Did You feel it ?
5,B.S:2067-8-10 A.D:2010-11-25,Local:11:00UTC:N/A,28.44,83.17,4.7,NSC,Baglung,Did You feel it ?
6,B.S:2067-7-1 A.D:2010-10-17,Local:11:00UTC:N/A,28.64,85.71,5.0,NSC,Tibet,Did You feel it ?
7,B.S:2067-5-17 A.D:2010-09-01,Local:11:00UTC:N/A,28.23,84.37,4.0,NSC,Lamjung,Did You feel it ?
8,B.S:2067-2-31 A.D:2010-06-13,Local:11:00UTC:N/A,29.4,81.38,4.5,NSC,Bajura,Did You feel it ?
9,B.S:2067-2-31 A.D:2010-06-13,Local:11:00UTC:N/A,28.01,86.77,4.0,NSC,Solukhumbu,Did You feel it ?
10,B.S:2067-2-31 A.D:2010-06-13,Local:11:00UTC:N/A,29.6,81.65,4.8,NSC,Bajura,Did You feel it ?
11,B.S:2067-1-31 A.D:2010-05-13,Local:11:00UTC:N/A,28.3,84.51,4.2,NSC,Lamjung,Did You feel it ?
12,B.S:2067-1-18 A.D:2010-04-30,Local:11:00UTC:N/A,27.75,86.36,4.0,NSC,Dolakha,Did You feel it ?
13,B.S:2067-1-2 A.D:2010-04-14,Local:11:00UTC:N/A,28.31,83.09,4.2,NSC,Baglung,Did You feel it ?
14,B.S:2067-1-1 A.D:2010-04-13,Local:11:00UTC:N/A,29.37,81.34,4.5,NSC,Bajura,Did You feel it ?
15,B.S:2066-11-18 A.D:2010-03-01,Local:11:00UTC:N/A,29.76,83.11,4.3,NSC,Bajura,Did You feel it ?
16,B.S:2066-11-17 A.D:2010-02-28,Local:11:00UTC:N/A,28.4,81.52,4.1,NSC,Baglung,Did You feel it ?
17,B.S:2066-11-14 A.D:2010-02-25,Local:11:00UTC:N/A,29.78,81.52,4.6,NSC,Bajhang,Did You feel it ?
18,B.S:2066-11-6 A.D:2010-02-17,Local:11:00UTC:N/A,26.79,86.08,4.1,NSC,Dhanusa,Did You feel it ?
19,B.S:2066-10-5 A.D:2010-01-18,Local:11:00UTC:N/A,28.37,83.97,4.1,NSC,Kaski,Did You feel it ?
1,B.S:2068-9-16 A.D:2011-12-30,Local:07:55UTC:2:10 AM,29.62,81.53,4.0,NSC,Bajura,Did You feel it ?
2,B.S:2068-9-4 A.D:2011-12-18,Local:03:20UTC:9:35 PM,27.73,88.16,4.6,NSC,Taplejung,Did You feel it ?
3,B.S:2068-8-29 A.D:2011-12-14,Local:02:05UTC:8:20 PM,27.72,88.09,4.9,NSC,Taplejung,Did You feel it ?
4,B.S:2068-8-23 A.D:2011-12-09,Local:04:42UTC:10:57 PM,27.83,88.13,4.2,NSC,Taplejung,Did You feel it ?
5,B.S:2068-8-23 A.D:2011-12-08,Local:23:25UTC:5:40 PM,27.97,82.86,4.0,NSC,Pyuthan,Did You feel it ?
6,B.S:2068-8-17 A.D:2011-12-02,Local:11:00UTC:N/A,28.05,85.34,4.2,NSC,Rasuwa,Did You feel it ?
7,B.S:2068-8-8 A.D:2011-11-23,Local:11:00UTC:N/A,28.91,81.68,4.2,NSC,Dailekh,Did You feel it ?
8,B.S:2068-8-4 A.D:2011-11-19,Local:11:00UTC:N/A,27.7,86.1,4.1,NSC,Dolakha,Did You feel it ?
9,B.S:2068-7-28 A.D:2011-11-13,Local:11:00UTC:N/A,28.2,84.93,5.0,NSC,Gorkha,Did You feel it ?
10,B.S:2068-7-23 A.D:2011-11-08,Local:11:00UTC:N/A,27.94,85.55,4.1,NSC,Sindhupalchowk,Did You feel it ?
11,B.S:2068-7-19 A.D:2011-11-04,Local:11:00UTC:N/A,28.34,83.66,4.0,NSC,Parbat,Did You feel it ?
12,B.S:2068-6-16 A.D:2011-10-02,Local:11:00UTC:N/A,29.55,81.68,4.2,NSC,Bajura,Did You feel it ?
13,B.S:2068-6-15 A.D:2011-10-01,Local:11:00UTC:N/A,30.16,81.81,4.7,NSC,Humla,Did You feel it ?
14,B.S:2068-6-2 A.D:2011-09-18,Local:11:00UTC:N/A,27.78,88.32,6.8,NSC,Taplejung-Sikkim Border,Did You feel it ?
15,B.S:2068-5-11 A.D:2011-08-27,Local:11:00UTC:N/A,26.94,86.6,5.0,NSC,Udayapur,Did You feel it ?
16,B.S:2068-5-9 A.D:2011-08-25,Local:11:00UTC:N/A,28.15,82.53,4.4,NSC,Rolpa,Did You feel it ?
17,B.S:2068-5-6 A.D:2011-08-22,Local:11:00UTC:N/A,28.29,83.96,4.0,NSC,Kaski,Did You feel it ?
18,B.S:2068-5-3 A.D:2011-08-19,Local:11:00UTC:N/A,29.7,81.34,4.9,NSC,Bajhang,Did You feel it ?
19,B.S:2068-5-2 A.D:2011-08-18,Local:11:00UTC:N/A,28.21,84.31,4.0,NSC,Lamjung,Did You feel it ?
20,B.S:2068-4-31 A.D:2011-08-15,Local:11:00UTC:N/A,27.44,86.27,5.0,NSC,Ramechhap,Did You feel it ?
21,B.S:2068-4-25 A.D:2011-08-09,Local:11:00UTC:N/A,29.9,81.31,4.3,NSC,Bajhang,Did You feel it ?
22,B.S:2068-4-18 A.D:2011-08-02,Local:11:00UTC:N/A,27.35,86.35,4.0,NSC,Khotang,Did You feel it ?
23,B.S:2068-4-14 A.D:2011-07-29,Local:11:00UTC:N/A,27.19,86.76,4.2,NSC,Khotang,Did You feel it ?
24,B.S:2068-3-32 A.D:2011-07-15,Local:11:00UTC:N/A,27.28,87.3,4.5,NSC,Sankhuwasabha,Did You feel it ?
25,B.S:2068-3-5 A.D:2011-06-18,Local:11:00UTC:N/A,27.83,87.35,4.3,NSC,Sankhuwasabha,Did You feel it ?
26,B.S:2068-3-4 A.D:2011-06-17,Local:11:00UTC:N/A,30.24,81.48,4.2,NSC,Humla,Did You feel it ?
27,B.S:2068-2-29 A.D:2011-06-11,Local:11:00UTC:N/A,28.4,82.55,4.1,NSC,Rolpa,Did You feel it ?
28,B.S:2068-2-29 A.D:2011-06-11,Local:11:00UTC:N/A,28.41,82.66,4.2,NSC,Rolpa,Did You feel it ?
29,B.S:2068-2-21 A.D:2011-06-03,Local:11:00UTC:N/A,27.6,88.03,5.2,NSC,Taplejung,Did You feel it ?
30,B.S:2067-12-25 A.D:2011-04-07,Local:11:00UTC:N/A,27.93,85.61,4.1,NSC,Sindhupalchowk,Did You feel it ?
31,B.S:2067-12-23 A.D:2011-04-05,Local:11:00UTC:N/A,29.74,80.37,4.1,NSC,Darchula,Did You feel it ?
32,B.S:2067-12-22 A.D:2011-04-04,Local:11:00UTC:N/A,29.92,80.54,5.7,NSC,Darchula,Did You feel it ?
33,B.S:2067-12-22 A.D:2011-04-04,Local:11:00UTC:N/A,30.0,80.81,4.1,NSC,Darchula,Did You feel it ?
34,B.S:2067-12-9 A.D:2011-03-22,Local:11:00UTC:N/A,28.11,82.74,4.2,NSC,Pyuthan,Did You feel it ?
35,B.S:2067-12-9 A.D:2011-03-22,Local:11:00UTC:N/A,28.35,83.96,4.0,NSC,Kaski,Did You feel it ?
36,B.S:2067-11-29 A.D:2011-03-12,Local:11:00UTC:N/A,28.31,83.78,4.4,NSC,Kaski,Did You feel it ?
37,B.S:2067-11-28 A.D:2011-03-11,Local:11:00UTC:N/A,28.31,83.8,4.3,NSC,Kaski,Did You feel it ?
38,B.S:2067-11-27 A.D:2011-03-10,Local:11:00UTC:N/A,28.02,85.24,4.3,NSC,Rasuwa,Did You feel it ?
39,B.S:2067-11-11 A.D:2011-02-22,Local:11:00UTC:N/A,27.57,87.01,4.2,NSC,Sankhuwasabha,Did You feel it ?
40,B.S:2067-11-2 A.D:2011-02-13,Local:11:00UTC:N/A,27.47,87.01,4.7,NSC,Bhojpur-Sankhuwasabha border,Did You feel it ?
41,B.S:2067-10-5 A.D:2011-01-18,Local:11:00UTC:N/A,27.8,85.94,4.3,NSC,Sindhupalchowk,Did You feel it ?
42,B.S:2067-10-5 A.D:2011-01-18,Local:11:00UTC:N/A,30.03,81.97,4.1,NSC,Humla,Did You feel it ?
1,B.S:2069-9-8 A.D:2012-12-22,Local:11:50UTC:6:05 AM,28.27,82.84,4.5,NSC,Rolpa and Pyuthan border,Did You feel it ?
2,B.S:2069-8-20 A.D:2012-12-04,Local:08:46UTC:3:01 AM,28.88,82.34,4.0,NSC,North East Jajarkot,Did You feel it ?
3,B.S:2069-7-27 A.D:2012-11-12,Local:18:27UTC:12:42 PM,29.55,81.31,4.5,NSC,Bajhang,Did You feel it ?
4,B.S:2069-7-27 A.D:2012-11-11,Local:00:24UTC:6:39 PM,29.51,81.13,5.6,NSC/RSC,Southern Bajhang,Did You feel it ?
5,B.S:2069-7-7 A.D:2012-10-22,Local:12:41UTC:6:56 AM,27.95,87.86,4.5,NSC,Around Kanchanjunga,Did You feel it ?
6,B.S:2069-6-2 A.D:2012-09-17,Local:15:30UTC:9:45 AM,28.59,82.41,4.4,NSC/RSC,Southern Rukum,Did You feel it ?
7,B.S:2069-5-15 A.D:2012-08-30,Local:19:56UTC:2:11 PM,28.61,82.43,4.5,NSC/RSC,Southern Rukum,Did You feel it ?
8,B.S:2069-5-14 A.D:2012-08-29,Local:01:39UTC:7:54 PM,28.4,82.79,4.3,NSC/RSC,Northern Rolpa,Did You feel it ?
9,B.S:2069-5-13 A.D:2012-08-28,Local:14:16UTC:8:31 AM,28.73,81.81,4.4,NSC/RSC,Southeastern Dailekh,Did You feel it ?
10,B.S:2069-5-8 A.D:2012-08-24,Local:06:02UTC:12:17 AM,28.38,82.66,4.4,NSC/RSC,Rolpa,Did You feel it ?
11,B.S:2069-5-9 A.D:2012-08-24,Local:09:40UTC:3:55 AM,28.42,82.75,5.2,NSC/RSC,Rolpa-Rukum border region,Did You feel it ?
12,B.S:2069-5-8 A.D:2012-08-23,Local:22:27UTC:4:42 PM,28.39,82.73,4.4,NSC/RSC,Rolpa,Did You feel it ?
13,B.S:2069-5-8 A.D:2012-08-23,Local:22:15UTC:4:30 PM,28.38,82.84,5.6,NSC/RSC,Rolpa - Rukum border region,Did You feel it ?
14,B.S:2069-4-23 A.D:2012-08-06,Local:07:38UTC:1:53 AM,27.77,88.13,4.2,NSC,Northern Taplejung,Did You feel it ?
15,B.S:2069-4-16 A.D:2012-07-31,Local:17:50UTC:12:05 PM,28.55,82.37,4.2,NSC/RSC,Southern Rukum,Did You feel it ?
16,B.S:2069-4-16 A.D:2012-07-31,Local:17:43UTC:11:58 AM,28.53,82.42,4.8,NSC/RSC,Southern Rukum,Did You feel it ?
17,B.S:2069-4-16 A.D:2012-07-31,Local:17:35UTC:11:50 AM,28.58,82.48,5.0,NSC/RSC,Southern Rukum,Did You feel it ?
18,B.S:2069-4-14 A.D:2012-07-28,Local:11:33UTC:5:48 AM,30.12,80.54,5.0,NSC/RSC,India (close to Darchula),Did You feel it ?
19,B.S:2069-3-28 A.D:2012-07-11,Local:23:08UTC:5:23 PM,29.43,81.03,4.9,NSC,Southern Bajhang,Did You feel it ?
20,B.S:2069-3-18 A.D:2012-07-01,Local:13:39UTC:7:54 AM,27.27,88.05,4.0,NSC,Panchthar - Sikkim border,Did You feel it ?
21,B.S:2069-3-2 A.D:2012-06-15,Local:22:00UTC:4:15 PM,28.99,81.58,4.2,NSC,Dailekh,Did You feel it ?
22,B.S:2069-2-30 A.D:2012-06-11,Local:10:20UTC:4:35 AM,27.25,88.0,4.5,NSC,Panchthar - Sikkim border,Did You feel it ?
23,B.S:2069-2-28 A.D:2012-06-09,Local:13:39UTC:7:54 AM,28.32,84.17,5.1,NSC,Kaski,Did You feel it ?
24,B.S:2069-2-18 A.D:2012-05-30,Local:15:19UTC:9:34 AM,27.31,87.88,4.2,NSC,Taplejung,Did You feel it ?
25,B.S:2069-1-5 A.D:2012-04-17,Local:04:58UTC:11:13 PM,28.5,82.06,4.2,NSC/RSC,Salyan,Did You feel it ?
26,B.S:2068-12-30 A.D:2012-04-11,Local:08:37UTC:2:52 AM,29.55,81.24,4.3,NSC/RSC,Bajhang,Did You feel it ?
27,B.S:2068-12-14 A.D:2012-03-27,Local:05:25UTC:11:40 PM,26.12,87.87,5.2,NSC,Jhapa-India Border Region,Did You feel it ?
28,B.S:2068-12-7 A.D:2012-03-19,Local:02:21UTC:8:36 PM,28.7,82.02,4.7,,Karkigaun-Jajarkot,Did You feel it ?
29,B.S:2068-11-14 A.D:2012-02-26,Local:04:41UTC:10:56 PM,29.71,81.02,4.4,NSC,Bajhang-Darchula border,Did You feel it ?
30,B.S:2068-11-14 A.D:2012-02-26,Local:04:53UTC:11:08 PM,29.86,81.05,4.9,NSC,Bajhang-Darchula border,Did You feel it ?
31,B.S:2068-11-3 A.D:2012-02-14,Local:19:33UTC:1:48 PM,27.33,88.03,4.4,NSC,Taplejung,Did You feel it ?
32,B.S:2068-11-3 A.D:2012-02-14,Local:19:26UTC:1:41 PM,27.38,88.11,4.5,NSC,Taplejung-Sikkim Border,Did You feel it ?
33,B.S:2068-10-23 A.D:2012-02-05,Local:01:51UTC:8:06 PM,27.25,88.07,4.0,,Panchthar,Did You feel it ?
34,B.S:2068-10-11 A.D:2012-01-24,Local:09:52UTC:4:07 AM,26.84,86.43,4.0,NSC,Siraha,Did You feel it ?
35,B.S:2068-10-5 A.D:2012-01-19,Local:06:31UTC:12:46 AM,29.73,81.91,4.6,NSC,Humla,Did You feel it ?
36,B.S:2068-10-4 A.D:2012-01-18,Local:17:01UTC:11:16 AM,26.63,86.4,4.5,NSC,Siraha,Did You feel it ?
37,B.S:2068-9-28 A.D:2012-01-11,Local:14:44UTC:8:59 AM,28.89,81.89,4.2,NSC,Dailekh,Did You feel it ?
1,B.S:2070-7-18 A.D:2013-11-03,Local:12:32UTC:6:47 AM,29.56,81.68,4.3,NSC,Bajura,Did You feel it ?
2,B.S:2070-7-12 A.D:2013-10-28,Local:07:22UTC:1:37 AM,27.36,87.37,4.3,NSC,Sankhuwasava,Did You feel it ?
3,B.S:2070-6-28 A.D:2013-10-13,Local:03:28UTC:9:43 PM,30.08,81.74,4.5,NSC,Humla,Did You feel it ?
4,B.S:2070-6-18 A.D:2013-10-03,Local:11:57UTC:6:12 AM,27.14,88.51,5.7,,Sikkim,Did You feel it ?
5,B.S:2070-6-7 A.D:2013-09-22,Local:20:20UTC:2:35 PM,30.25,81.55,4.4,NSC,Humla,Did You feel it ?
6,B.S:2070-5-28 A.D:2013-09-12,Local:10:14UTC:4:29 AM,26.96,87.34,4.5,NSC,Dhankuta,Did You feel it ?
7,B.S:2070-5-15 A.D:2013-08-30,Local:23:33UTC:5:48 PM,28.43,86.03,6.0,,Tibet,Did You feel it ?
8,B.S:2070-3-14 A.D:2013-06-28,Local:17:25UTC:11:40 AM,28.76,82.4,5.5,NSC/RSC,Rukum,Did You feel it ?
9,B.S:2070-3-14 A.D:2013-06-27,Local:12:05UTC:6:20 AM,30.05,80.8,4.4,NSC/RSC,Darchula,Did You feel it ?
10,B.S:2070-3-12 A.D:2013-06-26,Local:04:07UTC:10:22 PM,26.85,85.96,4.4,NSC/RSC,Dhanusha,Did You feel it ?
11,B.S:2070-2-27 A.D:2013-06-09,Local:21:56UTC:4:11 PM,27.31,86.7,4.2,NSC,Northern Khotang,Did You feel it ?
12,B.S:2070-2-18 A.D:2013-05-31,Local:11:49UTC:6:04 AM,29.74,81.6,4.5,NSC/RSC,Northern Bajura,Did You feel it ?
13,B.S:2070-2-13 A.D:2013-05-26,Local:23:23UTC:5:38 PM,27.72,85.91,4.2,NSC,Sindhupalchok,Did You feel it ?
14,B.S:2070-2-1 A.D:2013-05-14,Local:15:44UTC:9:59 AM,29.65,81.98,4.5,NSC/RSC,Western Mugu,Did You feel it ?
15,B.S:2070-2-1 A.D:2013-05-14,Local:09:03UTC:3:18 AM,29.68,82.0,4.4,NSC,Mugu,Did You feel it ?
16,B.S:2070-2-1 A.D:2013-05-14,Local:08:58UTC:3:13 AM,29.56,82.0,4.3,NSC,Mugu,Did You feel it ?
17,B.S:2070-1-16 A.D:2013-04-28,Local:00:13UTC:6:28 PM,29.87,81.26,4.9,NSC,Northern Bajhang,Did You feel it ?
18,B.S:2069-12-4 A.D:2013-03-17,Local:17:44UTC:11:59 AM,26.74,86.08,4.2,NSC,Dhanusha,Did You feel it ?
19,B.S:2069-11-24 A.D:2013-03-06,Local:22:34UTC:4:49 PM,28.57,82.27,5.4,NSC,Rukum,Did You feel it ?
20,B.S:2069-11-12 A.D:2013-02-22,Local:08:26UTC:2:41 AM,28.39,83.18,4.1,NSC,Baglung,Did You feel it ?
21,B.S:2069-10-26 A.D:2013-02-07,Local:06:53UTC:1:08 AM,29.42,81.05,4.0,NSC,Bajhang,Did You feel it ?
22,B.S:2069-10-6 A.D:2013-01-18,Local:02:44UTC:8:59 PM,29.48,81.26,4.5,NSC,Bajhang,Did You feel it ?
23,B.S:2069-10-1 A.D:2013-01-13,Local:23:20UTC:5:35 PM,26.84,86.22,4.0,NSC,Siraha,Did You feel it ?
24,B.S:2069-9-26 A.D:2013-01-09,Local:13:29UTC:7:44 AM,29.82,81.7,5.5,NSC/RSC,Northern part of Bajura,Did You feel it ?
25,B.S:2069-9-19 A.D:2013-01-02,Local:23:27UTC:5:42 PM,29.41,81.0,4.7,NSC/RSC,Bajhang and Doti border,Did You feel it ?
1,B.S:2071-9-4 A.D:2014-12-18,Local:21:17UTC:3:32 PM,27.73,86.52,5.9,NSC,Solukhumbu,Did You feel it ?
2,B.S:2071-8-10 A.D:2014-11-25,Local:21:34UTC:3:49 PM,28.25,84.94,4.5,NSC,Gorkha,Did You feel it ?
3,B.S:2071-6-1 A.D:2014-09-17,Local:16:14UTC:10:29 AM,27.76,88.05,4.5,NSC,Taplejung,Did You feel it ?
4,B.S:2071-4-19 A.D:2014-08-03,Local:11:42UTC:5:57 AM,29.45,85.64,5.9,N?A,Tibet,Did You feel it ?
5,B.S:2071-3-24 A.D:2014-07-07,Local:22:22UTC:4:37 PM,29.73,80.93,4.2,NSC,Bajhang-Darchula border,Did You feel it ?
6,B.S:2071-3-21 A.D:2014-07-04,Local:11:43UTC:5:58 AM,27.83,87.91,4.6,NSC,Taplejung,Did You feel it ?
7,B.S:2071-2-12 A.D:2014-05-25,Local:08:31UTC:2:46 AM,28.23,84.09,4.1,NSC,Kaski,Did You feel it ?
8,B.S:2071-2-7 A.D:2014-05-20,Local:00:21UTC:6:36 PM,28.32,84.73,4.3,NSC,Gorkha,Did You feel it ?
9,B.S:2071-1-11 A.D:2014-04-23,Local:12:59UTC:7:14 AM,27.3,87.62,4.0,NSC,Taplejung,Did You feel it ?
10,B.S:2070-12-29 A.D:2014-04-11,Local:23:07UTC:5:22 PM,29.29,81.26,4.2,NSC,Achham,Did You feel it ?
11,B.S:2070-12-18 A.D:2014-03-31,Local:13:36UTC:7:51 AM,30.11,81.93,4.4,NSC,Humla,Did You feel it ?
1,B.S:2072-9-16 A.D:2015-12-31,Local:07:41UTC:01:56,27.86,85.72,4.3,NSC,Sindhupalchowk,Did You feel it ?
2,B.S:2072-9-14 A.D:2015-12-28,Local:03:52UTC:22:07,27.7,86.12,4.2,NSC,Dolakha,Did You feel it ?
3,B.S:2072-9-12 A.D:2015-12-26,Local:10:33UTC:4:48 AM,29.35,81.29,4.1,NSC,Bajura,Did You feel it ?
4,B.S:2072-9-8 A.D:2015-12-23,Local:08:59UTC:03:14,27.79,86.08,4.1,NSC,Dolakha,Did You feel it ?
5,B.S:2072-9-3 A.D:2015-12-18,Local:04:01UTC:10:16 PM,29.44,81.69,5.5,NSC/RSC,Bajura,Did You feel it ?
6,B.S:2072-8-27 A.D:2015-12-13,Local:08:45UTC:03:00,28.04,85.02,4.1,NSC,Dhading,Did You feel it ?
7,B.S:2072-8-21 A.D:2015-12-07,Local:07:27UTC:01:42,27.86,86.19,4.0,NSC,Dolakha,Did You feel it ?
8,B.S:2072-8-14 A.D:2015-11-30,Local:06:10UTC:00:25,27.78,85.39,4.1,NSC,Kathmandu,Did You feel it ?
9,B.S:2072-8-11 A.D:2015-11-27,Local:15:23UTC:09:38,27.63,85.53,4.1,NSC,kavrepalanchok,Did You feel it ?
10,B.S:2072-8-11 A.D:2015-11-27,Local:16:22UTC:10:37 AM,27.11,87.95,4.6,NSC,Panchthar,Did You feel it ?
11,B.S:2072-8-10 A.D:2015-11-25,Local:00:42UTC:18:57,27.87,85.77,4.1,NSC,Sindhupalchowk,Did You feel it ?
12,B.S:2072-8-8 A.D:2015-11-24,Local:18:09UTC:12:24,28.15,84.81,4.4,NSC,Gorkha,Did You feel it ?
13,B.S:2072-8-8 A.D:2015-11-24,Local:17:00UTC:11:15,27.87,85.29,4.0,NSC,Nuwakot,Did You feel it ?
14,B.S:2072-8-7 A.D:2015-11-22,Local:19:11UTC:1:26 PM,28.43,83.3,4.1,NSC/RSC,Myagdi,Did You feel it ?
15,B.S:2072-8-5 A.D:2015-11-20,Local:13:45UTC:8:00 AM,28.35,83.36,4.0,NSC/RSC,Baglung,Did You feel it ?
16,B.S:2072-8-3 A.D:2015-11-19,Local:17:44UTC:11:59,27.77,85.88,4.0,NSC,Sindhupalchok,Did You feel it ?
17,B.S:2072-8-3 A.D:2015-11-19,Local:10:00UTC:04:15,27.89,85.75,5.3,NSC,Sindupalchok,Did You feel it ?
18,B.S:2072-8-1 A.D:2015-11-17,Local:18:55UTC:13:10,28.02,85.28,4.3,NSC,Rasuwa,Did You feel it ?
19,B.S:2072-7-26 A.D:2015-11-12,Local:15:45UTC:10:00,27.99,85.65,4.2,NSC,Sindupalchok,Did You feel it ?
20,B.S:2072-7-14 A.D:2015-10-31,Local:09:28UTC:03:43,28.03,85.23,4.3,NSC,Rasuwa,Did You feel it ?
21,B.S:2072-6-30 A.D:2015-10-17,Local:23:46UTC:18:01,27.8,86.3,4.2,NSC,Dolakha,Did You feel it ?
22,B.S:2072-6-29 A.D:2015-10-16,Local:14:28UTC:08:43,27.71,86.16,4.2,NSC,Dolakha,Did You feel it ?
23,B.S:2072-6-21 A.D:2015-10-08,Local:21:58UTC:16:13,27.96,85.54,4.1,NSC,Sindupalchowk,Did You feel it ?
24,B.S:2072-6-21 A.D:2015-10-08,Local:13:00UTC:07:15,27.57,85.31,4.0,NSC,Lalitpur,Did You feel it ?
25,B.S:2072-6-21 A.D:2015-10-07,Local:05:15UTC:23:30,27.68,86.08,4.2,NSC,Dolakha,Did You feel it ?
26,B.S:2072-6-19 A.D:2015-10-06,Local:17:47UTC:12:02,27.69,86.09,4.2,NSC,Dolakha,Did You feel it ?
27,B.S:2072-6-18 A.D:2015-10-05,Local:13:18UTC:07:33,27.71,86.15,4.8,NSC,Dolakha,Did You feel it ?
28,B.S:2072-6-18 A.D:2015-10-05,Local:13:21UTC:07:36,27.71,86.1,4.2,NSC,Dolakha,Did You feel it ?
29,B.S:2072-6-12 A.D:2015-09-29,Local:16:39UTC:10:54,27.77,85.87,4.6,NSC,Sindhupalchowk,Did You feel it ?
30,B.S:2072-6-13 A.D:2015-09-29,Local:15:12UTC:9:27 AM,29.83,80.6,4.6,RSC,Darchula,Did You feel it ?
31,B.S:2072-6-5 A.D:2015-09-22,Local:12:17UTC:06:32,27.74,85.07,4.5,NSC,Dhading,Did You feel it ?
32,B.S:2072-6-4 A.D:2015-09-20,Local:04:05UTC:22:20,27.76,86.37,4.0,NSC,Dolakha,Did You feel it ?
33,B.S:2072-5-30 A.D:2015-09-16,Local:20:37UTC:14:52,27.6,86.19,4.2,NSC,Dolakha,Did You feel it ?
34,B.S:2072-5-23 A.D:2015-09-09,Local:18:23UTC:12:38,27.82,86.24,4.0,NSC,Dolakha,Did You feel it ?
35,B.S:2072-5-18 A.D:2015-09-03,Local:05:10UTC:23:25,27.75,86.01,4.3,NSC,Sindhupalchowk,Did You feel it ?
36,B.S:2072-5-17 A.D:2015-09-02,Local:04:51UTC:23:06,27.64,86.19,4.4,NSC,Dolakha,Did You feel it ?
37,B.S:2072-5-14 A.D:2015-08-31,Local:23:33UTC:17:48,27.92,85.69,4.2,NSC,Sindhupalchowk,Did You feel it ?
38,B.S:2072-5-13 A.D:2015-08-30,Local:19:02UTC:13:17,27.72,85.75,5.0,NSC,Sindhupalchowk,Did You feel it ?
39,B.S:2072-5-13 A.D:2015-08-30,Local:08:26UTC:02:41,27.66,86.23,4.1,NSC,Dolakha,Did You feel it ?
40,B.S:2072-5-14 A.D:2015-08-30,Local:03:09UTC:21:24,27.92,84.94,4.3,NSC,Dhading,Did You feel it ?
41,B.S:2072-5-10 A.D:2015-08-27,Local:06:07UTC:00:22,28.12,84.89,4.1,NSC,Gorkha,Did You feel it ?
42,B.S:2072-5-11 A.D:2015-08-27,Local:00:51UTC:19:06,27.85,85.74,4.2,NSC,Sindhupalchowk,Did You feel it ?
43,B.S:2072-5-10 A.D:2015-08-26,Local:13:31UTC:7:46 AM,30.11,81.53,4.1,RSC,Humla,Did You feel it ?
44,B.S:2072-5-8 A.D:2015-08-25,Local:15:08UTC:09:23,27.68,86.22,4.0,NSC,Dolakha,Did You feel it ?
45,B.S:2072-5-6 A.D:2015-08-23,Local:14:47UTC:09:02,27.87,86.17,5.1,NSC,Dolakha,Did You feel it ?
46,B.S:2072-5-4 A.D:2015-08-21,Local:12:21UTC:06:36,27.96,85.48,4.0,NSC,Nuwakot,Did You feel it ?
47,B.S:2072-5-3 A.D:2015-08-20,Local:11:47UTC:06:02,28.0,85.29,4.6,NSC,Rasuwa,Did You feel it ?
48,B.S:2072-5-2 A.D:2015-08-18,Local:04:08UTC:22:23,27.93,86.14,4.8,NSC,Dolakha,Did You feel it ?
49,B.S:2072-4-30 A.D:2015-08-15,Local:23:56UTC:18:11,27.71,86.05,4.8,NSC,Dolakha,Did You feel it ?
50,B.S:2072-4-30 A.D:2015-08-15,Local:10:10UTC:04:25,27.87,86.08,4.1,NSC,Dolakha,Did You feel it ?
51,B.S:2072-4-29 A.D:2015-08-14,Local:18:47UTC:13:02,27.59,85.97,4.3,NSC,Dolakha,Did You feel it ?
52,B.S:2072-4-29 A.D:2015-08-13,Local:01:49UTC:20:04,27.72,85.2,4.0,NSC,Kathmandu,Did You feel it ?
53,B.S:2072-4-26 A.D:2015-08-11,Local:10:42UTC:04:57,27.7,85.29,4.3,NSC,Kathmandu,Did You feel it ?
54,B.S:2072-4-26 A.D:2015-08-10,Local:04:15UTC:22:30,28.14,84.72,4.9,NSC,Gorkha,Did You feel it ?
55,B.S:2072-4-25 A.D:2015-08-09,Local:00:21UTC:6:36 PM,30.1,81.85,4.0,RSC/NSC,Humla,Did You feel it ?
56,B.S:2072-4-24 A.D:2015-08-09,Local:07:55UTC:02:10,27.94,85.52,4.1,NSC,Sindupalchok,Did You feel it ?
57,B.S:2072-4-23 A.D:2015-08-08,Local:21:25UTC:15:40,27.69,86.26,4.1,NSC,Dolakha,Did You feel it ?
58,B.S:2072-4-23 A.D:2015-08-08,Local:06:24UTC:00:39,27.77,85.7,4.0,NSC,Sindupalchok,Did You feel it ?
59,B.S:2072-4-22 A.D:2015-08-07,Local:11:57UTC:06:12,27.5,85.5,4.4,NSC,Kavre,Did You feel it ?
60,B.S:2072-4-21 A.D:2015-08-06,Local:20:36UTC:14:51,27.86,85.76,4.1,NSC,Sindupalchok,Did You feel it ?
61,B.S:2072-4-20 A.D:2015-08-05,Local:13:59UTC:08:14,27.64,86.07,4.3,NSC,Dolakha,Did You feel it ?
62,B.S:2072-4-20 A.D:2015-08-05,Local:17:38UTC:11:53,27.63,86.07,4.1,NSC,Dolakha,Did You feel it ?
63,B.S:2072-4-16 A.D:2015-08-01,Local:07:22UTC:01:37,27.81,85.71,4.2,NSC,Sindupalchok,Did You feel it ?
64,B.S:2072-4-14 A.D:2015-07-30,Local:20:18UTC:14:33,27.66,86.09,4.5,NSC/RSC,Dolakha,Did You feel it ?
65,B.S:2072-4-12 A.D:2015-07-28,Local:21:23UTC:15:38,27.59,86.17,4.1,NSC,Dolakha,Did You feel it ?
66,B.S:2072-4-12 A.D:2015-07-28,Local:18:38UTC:12:53,27.68,86.04,4.0,NSC,Dolakha,Did You feel it ?
67,B.S:2072-4-12 A.D:2015-07-28,Local:09:21UTC:03:36,27.8,85.75,4.1,NSC,Sindupalchok,Did You feel it ?
68,B.S:2072-4-11 A.D:2015-07-27,Local:18:23UTC:12:38,27.94,85.48,4.2,NSC,Nuwakot,Did You feel it ?
69,B.S:2072-4-10 A.D:2015-07-26,Local:09:30UTC:03:45,27.68,86.22,4.1,NSC,Dolakha,Did You feel it ?
70,B.S:2072-4-10 A.D:2015-07-26,Local:10:03UTC:04:18,27.85,85.75,4.0,NSC,Sindupalchok,Did You feel it ?
71,B.S:2072-4-9 A.D:2015-07-25,Local:20:04UTC:14:19,27.66,86.0,4.5,NSC,Dolakha,Did You feel it ?
72,B.S:2072-4-10 A.D:2015-07-25,Local:00:05UTC:18:20,27.61,86.28,4.3,NSC,Dolakha,Did You feel it ?
73,B.S:2072-4-6 A.D:2015-07-22,Local:22:14UTC:16:29,27.7,85.32,4.6,NSC/RSC,Kathmandu,Did You feel it ?
74,B.S:2072-4-5 A.D:2015-07-21,Local:08:09UTC:02:24,27.86,86.39,4.3,NSC,Dolakha,Did You feel it ?
75,B.S:2072-4-2 A.D:2015-07-17,Local:05:09UTC:23:24,28.18,84.74,4.0,NSC,Gorkha,Did You feel it ?
76,B.S:2072-3-31 A.D:2015-07-15,Local:08:14UTC:2:29 AM,29.8,80.73,4.1,RSC,Darchula,Did You feel it ?
77,B.S:2072-3-28 A.D:2015-07-13,Local:17:39UTC:11:54,27.63,86.09,4.2,NSC,Dolakha,Did You feel it ?
78,B.S:2072-3-28 A.D:2015-07-13,Local:16:01UTC:10:16,28.06,85.34,4.0,NSC,Rasuwa,Did You feel it ?
79,B.S:2072-3-27 A.D:2015-07-11,Local:02:28UTC:20:43,27.8,86.23,4.4,NSC,Dolakha,Did You feel it ?
80,B.S:2072-3-24 A.D:2015-07-09,Local:17:59UTC:12:14,27.89,85.73,4.4,NSC,Sindupalchok,Did You feel it ?
81,B.S:2072-3-23 A.D:2015-07-08,Local:10:19UTC:04:34,27.6,86.23,4.1,NSC,Dolakha,Did You feel it ?
82,B.S:2072-3-23 A.D:2015-07-08,Local:09:55UTC:04:10,27.92,85.68,4.2,NSC,Sindhupalchok,Did You feel it ?
83,B.S:2072-3-23 A.D:2015-07-07,Local:15:16UTC:9:31 AM,29.69,81.74,4.6,RSC,Bajura,Did You feel it ?
84,B.S:2072-3-23 A.D:2015-07-07,Local:21:06UTC:3:21 PM,28.48,83.13,4.2,NSC/RSC,Baglung,Did You feel it ?
85,B.S:2072-3-21 A.D:2015-07-06,Local:21:14UTC:15:29,27.96,85.75,4.4,NSC,Sindhupalchok,Did You feel it ?
86,B.S:2072-3-21 A.D:2015-07-06,Local:10:48UTC:05:03,27.69,86.2,4.3,NSC,Dolakha,Did You feel it ?
87,B.S:2072-3-20 A.D:2015-07-05,Local:10:07UTC:04:22,27.67,86.2,4.2,NSC,Dolakha,Did You feel it ?
88,B.S:2072-3-21 A.D:2015-07-05,Local:01:27UTC:19:42,27.86,85.87,4.4,NSC,Sindupalchok,Did You feel it ?
89,B.S:2072-3-20 A.D:2015-07-04,Local:01:49UTC:20:04,27.73,85.0,4.6,NSC,Dhading,Did You feel it ?
90,B.S:2072-3-18 A.D:2015-07-02,Local:05:26UTC:23:41,27.67,85.54,4.1,NSC,Kavre,Did You feel it ?
91,B.S:2072-3-17 A.D:2015-07-02,Local:07:41UTC:01:56,27.97,85.62,5.0,NSC,Sindhupalchowk,Did You feel it ?
92,B.S:2072-3-16 A.D:2015-07-01,Local:15:24UTC:09:39,28.06,85.14,4.0,NSC,Nuwakot,Did You feel it ?
93,B.S:2072-3-16 A.D:2015-07-01,Local:09:12UTC:03:27,27.71,86.12,4.0,NSC,Dolakha,Did You feel it ?
94,B.S:2072-3-17 A.D:2015-07-01,Local:03:33UTC:21:48,27.8,85.74,4.0,NSC,Sindhupalchowk,Did You feel it ?
95,B.S:2072-3-16 A.D:2015-06-30,Local:03:31UTC:21:46,27.55,85.79,4.4,NSC,Kavre,Did You feel it ?
96,B.S:2072-3-15 A.D:2015-06-29,Local:05:42UTC:23:57,27.35,86.2,5.0,NSC,Ramechhap,Did You feel it ?
97,B.S:2072-3-14 A.D:2015-06-29,Local:23:27UTC:17:42,27.92,85.68,4.1,NSC,Sindhupalchowk,Did You feel it ?
98,B.S:2072-3-14 A.D:2015-06-29,Local:23:34UTC:17:49,27.93,85.64,4.0,NSC,Sindhupalchowk,Did You feel it ?
99,B.S:2072-3-13 A.D:2015-06-28,Local:22:01UTC:16:16,27.92,85.66,4.3,NSC,Sindhupalchok,Did You feel it ?
100,B.S:2072-3-11 A.D:2015-06-26,Local:14:45UTC:09:00,27.58,85.39,4.1,NSC,Lalitpur,Did You feel it ?
101,B.S:2072-3-11 A.D:2015-06-26,Local:18:02UTC:12:17,27.74,86.28,4.2,NSC,Dolakha,Did You feel it ?
102,B.S:2072-3-10 A.D:2015-06-25,Local:23:51UTC:18:06,27.94,85.49,4.2,NSC,Sindhupalchok,Did You feel it ?
103,B.S:2072-3-10 A.D:2015-06-25,Local:23:49UTC:18:04,27.66,86.21,4.1,NSC,Dolakha,Did You feel it ?
104,B.S:2072-3-10 A.D:2015-06-25,Local:21:07UTC:15:22,27.78,85.17,4.3,NSC,Nuwakot,Did You feel it ?
105,B.S:2072-3-9 A.D:2015-06-24,Local:14:59UTC:09:14,27.85,85.75,4.0,NSC,Sindhupalchowk,Did You feel it ?
106,B.S:2072-3-7 A.D:2015-06-22,Local:13:19UTC:07:34,27.67,86.17,4.0,NSC,Dolakha,Did You feel it ?
107,B.S:2072-3-6 A.D:2015-06-21,Local:19:26UTC:13:41,27.8,86.0,4.3,NSC,Sindupalchok,Did You feel it ?
108,B.S:2072-3-5 A.D:2015-06-20,Local:18:08UTC:12:23 PM,28.65,82.76,5.4,NSC,Rukum,Did You feel it ?
109,B.S:2072-3-6 A.D:2015-06-20,Local:02:40UTC:20:55,28.17,84.94,4.2,NSC,Gorkha,Did You feel it ?
110,B.S:2072-3-5 A.D:2015-06-19,Local:01:50UTC:20:05,28.26,84.92,4.0,NSC,Gorkha,Did You feel it ?
111,B.S:2072-3-3 A.D:2015-06-18,Local:08:24UTC:02:39,28.14,85.11,4.1,NSC,Dhading,Did You feel it ?
112,B.S:2072-3-2 A.D:2015-06-17,Local:08:00UTC:02:15,28.27,85.94,5.1,NSC,Tibet,Did You feel it ?
113,B.S:2072-3-2 A.D:2015-06-17,Local:06:26UTC:00:41,27.9,85.58,4.0,NSC,Sindhupalchok,Did You feel it ?
114,B.S:2072-3-2 A.D:2015-06-17,Local:06:14UTC:00:29,27.91,85.59,5.2,NSC,Sindhupalchok,Did You feel it ?
115,B.S:2072-3-2 A.D:2015-06-17,Local:05:58UTC:00:13,27.68,85.28,4.4,NSC,Kathmandu,Did You feel it ?
116,B.S:2072-3-1 A.D:2015-06-16,Local:21:56UTC:16:11,27.7,86.16,4.1,NSC,Dolakha,Did You feel it ?
117,B.S:2072-2-32 A.D:2015-06-15,Local:15:52UTC:10:07,27.87,85.72,4.1,NSC,Sindhupalchowk,Did You feel it ?
118,B.S:2072-2-31 A.D:2015-06-14,Local:05:59UTC:00:14,27.8,85.15,4.2,NSC,Nuwakot,Did You feel it ?
119,B.S:2072-2-31 A.D:2015-06-14,Local:15:01UTC:09:16,27.74,86.26,4.1,NSC,Dolakha,Did You feel it ?
120,B.S:2072-2-30 A.D:2015-06-13,Local:07:03UTC:01:18,27.73,86.16,5.2,NSC,Dolakha,Did You feel it ?
121,B.S:2072-2-29 A.D:2015-06-12,Local:10:19UTC:04:34,27.67,86.09,4.4,NSC,Dolakha,Did You feel it ?
122,B.S:2072-2-30 A.D:2015-06-12,Local:01:22UTC:19:37,28.21,84.81,4.6,NSC,Gorkha,Did You feel it ?
123,B.S:2072-2-28 A.D:2015-06-11,Local:21:57UTC:16:12,27.96,85.73,5.3,NSC,Sindhupalchowk,Did You feel it ?
124,B.S:2072-2-28 A.D:2015-06-11,Local:10:02UTC:04:17,27.8,85.78,4.6,NSC,Sindhupalchowk,Did You feel it ?
125,B.S:2072-2-29 A.D:2015-06-11,Local:00:26UTC:18:41,27.67,86.07,4.0,NSC,Dolakha,Did You feel it ?
126,B.S:2072-2-28 A.D:2015-06-10,Local:02:50UTC:21:05,27.87,85.81,4.1,NSC,Sindhupalchowk,Did You feel it ?
127,B.S:2072-2-27 A.D:2015-06-10,Local:13:36UTC:07:51,27.8,85.61,4.3,NSC,Sindhupalchowk,Did You feel it ?
128,B.S:2072-2-27 A.D:2015-06-10,Local:14:51UTC:09:06,27.62,86.1,4.2,NSC,Dolakha,Did You feel it ?
129,B.S:2072-2-24 A.D:2015-06-07,Local:22:35UTC:16:50,27.87,86.13,4.1,NSC,Dolakha,Did You feel it ?
130,B.S:2072-2-24 A.D:2015-06-07,Local:11:02UTC:05:17,27.9,85.64,4.6,NSC,Sindhupalchowk,Did You feel it ?
131,B.S:2072-2-23 A.D:2015-06-06,Local:22:45UTC:17:00,27.58,86.18,4.0,NSC,Dolakha,Did You feel it ?
132,B.S:2072-2-24 A.D:2015-06-06,Local:02:33UTC:20:48,28.26,85.86,4.2,NSC,Tibet,Did You feel it ?
133,B.S:2072-2-22 A.D:2015-06-05,Local:10:02UTC:04:17,27.79,85.78,4.1,NSC,Sindhupalchowk,Did You feel it ?
134,B.S:2072-2-22 A.D:2015-06-05,Local:14:16UTC:08:31,27.7,85.22,4.0,NSC,Kathmandu,Did You feel it ?
135,B.S:2072-2-21 A.D:2015-06-04,Local:16:15UTC:10:30,27.76,86.2,4.0,NSC,Dolakha,Did You feel it ?
136,B.S:2072-2-20 A.D:2015-06-03,Local:17:38UTC:11:53,27.7,86.26,4.5,NSC,Dolakha,Did You feel it ?
137,B.S:2072-2-20 A.D:2015-06-03,Local:14:39UTC:08:54,27.76,86.07,4.2,NSC,Dolakha,Did You feel it ?
138,B.S:2072-2-20 A.D:2015-06-03,Local:13:37UTC:07:52,27.79,85.87,4.5,NSC,Sindhupalchowk,Did You feel it ?
139,B.S:2072-2-21 A.D:2015-06-03,Local:02:45UTC:21:00,27.84,85.78,4.1,NSC,Sindhupalchowk,Did You feel it ?
140,B.S:2072-2-19 A.D:2015-06-02,Local:10:48UTC:05:03,27.78,86.2,4.0,NSC,Dolakha,Did You feel it ?
141,B.S:2072-2-20 A.D:2015-06-02,Local:02:18UTC:8:33 PM,30.0,81.75,4.7,NSC/RSC,Humla,Did You feel it ?
142,B.S:2072-2-19 A.D:2015-06-01,Local:04:35UTC:22:50,27.98,85.51,4.0,NSC,Sindhupalchowk,Did You feel it ?
143,B.S:2072-2-18 A.D:2015-05-31,Local:19:39UTC:1:54 PM,28.29,84.46,4.2,NSC,Lamjung,Did You feel it ?
144,B.S:2072-2-16 A.D:2015-05-30,Local:03:58UTC:10:13 PM,27.79,85.17,4.5,NSC,Nuwakot,Did You feel it ?
145,B.S:2072-2-17 A.D:2015-05-30,Local:02:20UTC:8:35 PM,28.01,85.19,4.0,NSC,Rasuwa,Did You feel it ?
146,B.S:2072-2-17 A.D:2015-05-30,Local:07:37UTC:1:52 AM,27.75,85.21,4.0,NSC,Dhading,Did You feel it ?
147,B.S:2072-2-15 A.D:2015-05-29,Local:06:22UTC:12:37 AM,27.82,86.34,4.2,NSC,Dolakha,Did You feel it ?
148,B.S:2072-2-16 A.D:2015-05-29,Local:11:05UTC:5:20 AM,28.07,84.94,4.2,NSC,Dhading,Did You feel it ?
149,B.S:2072-2-16 A.D:2015-05-29,Local:14:15UTC:8:30 AM,28.17,84.72,4.0,NSC,Gorkha,Did You feel it ?
150,B.S:2072-2-15 A.D:2015-05-29,Local:18:15UTC:12:30 PM,28.01,84.84,4.8,NSC,Dhading,Did You feel it ?
151,B.S:2072-2-16 A.D:2015-05-29,Local:21:29UTC:3:44 PM,28.0,84.98,5.2,NSC,Dhading,Did You feel it ?
152,B.S:2072-2-15 A.D:2015-05-28,Local:08:52UTC:3:07 AM,27.99,84.79,4.0,NSC,Dhading,Did You feel it ?
153,B.S:2072-2-15 A.D:2015-05-28,Local:09:25UTC:3:40 AM,27.95,84.8,4.0,NSC,Dhading,Did You feel it ?
154,B.S:2072-2-15 A.D:2015-05-28,Local:10:57UTC:5:12 AM,27.64,85.31,4.0,NSC,Kathmandu,Did You feel it ?
155,B.S:2072-2-15 A.D:2015-05-28,Local:11:14UTC:5:29 AM,27.77,86.25,4.2,NSC,Dolakha,Did You feel it ?
156,B.S:2072-2-14 A.D:2015-05-28,Local:17:21UTC:11:36 AM,27.59,86.19,4.2,NSC,Dolakha,Did You feel it ?
157,B.S:2072-2-14 A.D:2015-05-28,Local:17:59UTC:12:14 PM,27.59,86.16,4.1,NSC,Dolakha,Did You feel it ?
158,B.S:2072-2-14 A.D:2015-05-28,Local:04:01UTC:10:16 PM,27.94,85.54,4.0,NSC,Sindhupalchowk,Did You feel it ?
159,B.S:2072-2-13 A.D:2015-05-27,Local:17:48UTC:12:03 PM,27.59,86.2,4.2,NSC,Dolakha,Did You feel it ?
160,B.S:2072-2-14 A.D:2015-05-27,Local:19:00UTC:1:15 PM,27.91,85.53,4.5,NSC,Sindhupalchowk,Did You feel it ?
161,B.S:2072-2-14 A.D:2015-05-27,Local:19:01UTC:1:16 PM,27.89,85.53,4.6,NSC,Sindhupalchowk,Did You feel it ?
162,B.S:2072-2-13 A.D:2015-05-27,Local:04:14UTC:10:29 PM,28.04,85.13,4.2,NSC,Nuwakot,Did You feel it ?
163,B.S:2072-2-12 A.D:2015-05-26,Local:04:37UTC:10:52 PM,28.02,85.26,5.0,NSC,Rasuwa,Did You feel it ?
164,B.S:2072-2-13 A.D:2015-05-26,Local:01:45UTC:8:00 PM,27.54,85.43,4.3,NSC,Lalitpur,Did You feel it ?
165,B.S:2072-2-13 A.D:2015-05-26,Local:00:24UTC:6:39 PM,27.71,86.05,4.1,NSC,Dolakha,Did You feel it ?
166,B.S:2072-2-13 A.D:2015-05-26,Local:19:56UTC:2:11 PM,27.84,86.24,4.3,NSC,Dolakha,Did You feel it ?
167,B.S:2072-2-13 A.D:2015-05-26,Local:23:33UTC:5:48 PM,27.63,86.3,4.1,NSC,Dolakha,Did You feel it ?
168,B.S:2072-2-12 A.D:2015-05-25,Local:09:08UTC:3:23 AM,28.01,84.68,5.0,NSC,Gorkha,Did You feel it ?
169,B.S:2072-2-11 A.D:2015-05-25,Local:16:45UTC:11:00 AM,27.71,86.07,4.1,NSC,Dolakha,Did You feel it ?
170,B.S:2072-2-11 A.D:2015-05-25,Local:04:01UTC:10:16 PM,27.74,86.19,4.4,NSC,Dolakha,Did You feel it ?
171,B.S:2072-2-11 A.D:2015-05-24,Local:12:51UTC:7:06 AM,27.67,86.18,4.2,NSC,Dolakha,Did You feel it ?
172,B.S:2072-2-10 A.D:2015-05-24,Local:16:23UTC:10:38 AM,27.76,86.28,4.4,NSC,Dolakha,Did You feel it ?
173,B.S:2072-2-10 A.D:2015-05-24,Local:17:31UTC:11:46 AM,27.84,86.0,4.2,NSC,Sindhupalchowk,Did You feel it ?
174,B.S:2072-2-10 A.D:2015-05-24,Local:18:40UTC:12:55 PM,27.8,86.29,4.4,NSC,Dolakha,Did You feel it ?
175,B.S:2072-2-10 A.D:2015-05-24,Local:05:00UTC:11:15 PM,27.76,86.26,4.3,NSC,Dolakha,Did You feel it ?
176,B.S:2072-2-9 A.D:2015-05-23,Local:04:11UTC:10:26 PM,27.9,85.51,4.4,NSC,Sindhupalchok,Did You feel it ?
177,B.S:2072-2-10 A.D:2015-05-23,Local:18:59UTC:1:14 PM,27.74,86.2,4.2,NSC,Dolakha,Did You feel it ?
178,B.S:2072-2-9 A.D:2015-05-22,Local:20:30UTC:2:45 PM,27.79,85.14,4.2,NSC,Nuwakot,Did You feel it ?
179,B.S:2072-2-9 A.D:2015-05-22,Local:22:29UTC:4:44 PM,28.05,85.08,4.8,NSC,Nuwakot,Did You feel it ?
180,B.S:2072-2-9 A.D:2015-05-22,Local:23:15UTC:5:30 PM,27.63,86.25,4.1,NSC,Dolakha,Did You feel it ?
181,B.S:2072-2-9 A.D:2015-05-22,Local:00:34UTC:6:49 PM,27.78,85.93,4.0,NSC,Sindhupalchowk,Did You feel it ?
182,B.S:2072-2-9 A.D:2015-05-22,Local:02:29UTC:8:44 PM,27.69,86.16,4.1,NSC,Dolakha,Did You feel it ?
183,B.S:2072-2-9 A.D:2015-05-22,Local:00:52UTC:7:07 PM,30.31,81.47,4.8,NSC,Humla,Did You feel it ?
184,B.S:2072-2-8 A.D:2015-05-21,Local:01:15UTC:7:30 PM,28.02,84.98,4.0,NSC,Dhading,Did You feel it ?
185,B.S:2072-2-8 A.D:2015-05-21,Local:20:41UTC:2:56 PM,27.93,85.46,4.0,NSC,Nuwakot,Did You feel it ?
186,B.S:2072-2-8 A.D:2015-05-21,Local:19:56UTC:2:11 PM,27.85,86.32,4.2,NSC,Dolakha,Did You feel it ?
187,B.S:2072-2-6 A.D:2015-05-20,Local:16:55UTC:11:10 AM,27.84,86.33,4.2,NSC,Dolakha,Did You feel it ?
188,B.S:2072-2-7 A.D:2015-05-20,Local:20:32UTC:2:47 PM,27.52,85.26,4.4,NSC,Lalitput,Did You feel it ?
189,B.S:2072-2-6 A.D:2015-05-19,Local:22:29UTC:4:44 PM,27.92,86.04,4.2,NSC,Sindhupalchowk,Did You feel it ?
190,B.S:2072-2-5 A.D:2015-05-19,Local:17:14UTC:11:29 AM,27.9,85.99,4.0,NSC,Sindhupalchowk,Did You feel it ?
191,B.S:2072-2-6 A.D:2015-05-19,Local:10:19UTC:4:34 AM,27.66,86.03,4.3,NSC,Dolakha,Did You feel it ?
192,B.S:2072-2-4 A.D:2015-05-18,Local:17:09UTC:11:24 AM,27.69,86.26,4.0,NSC,Dolakha,Did You feel it ?
193,B.S:2072-2-5 A.D:2015-05-18,Local:00:12UTC:6:27 PM,28.11,84.88,4.1,NSC,Dhading,Did You feel it ?
194,B.S:2072-2-5 A.D:2015-05-18,Local:14:56UTC:9:11 AM,27.71,86.07,4.2,NSC,Dolakha,Did You feel it ?
195,B.S:2072-2-4 A.D:2015-05-17,Local:10:45UTC:5:00 AM,27.73,86.06,4.4,NSC,Dolakha,Did You feel it ?
196,B.S:2072-2-3 A.D:2015-05-17,Local:17:15UTC:11:30 AM,27.48,85.87,4.6,NSC,Ramechhap,Did You feel it ?
197,B.S:2072-2-4 A.D:2015-05-17,Local:02:25UTC:8:40 PM,27.84,86.24,4.4,NSC,Dolakha,Did You feel it ?
198,B.S:2072-2-3 A.D:2015-05-16,Local:08:00UTC:2:15 AM,28.07,84.7,4.0,NSC,Gorkha,Did You feel it ?
199,B.S:2072-2-3 A.D:2015-05-16,Local:10:13UTC:4:28 AM,27.65,86.12,4.1,NSC,Dolakha,Did You feel it ?
200,B.S:2072-2-3 A.D:2015-05-16,Local:10:23UTC:4:38 AM,27.66,86.09,4.1,NSC,Dolakha,Did You feel it ?
201,B.S:2072-2-3 A.D:2015-05-16,Local:11:56UTC:6:11 AM,27.97,85.48,4.0,NSC,Nuwakot,Did You feel it ?
202,B.S:2072-2-3 A.D:2015-05-16,Local:12:16UTC:6:31 AM,28.13,84.89,4.0,NSC,Gorkha,Did You feel it ?
203,B.S:2072-2-3 A.D:2015-05-16,Local:15:09UTC:9:24 AM,27.7,85.85,4.2,NSC,Sindhupalchowk,Did You feel it ?
204,B.S:2072-2-3 A.D:2015-05-16,Local:15:20UTC:9:35 AM,27.45,85.31,4.2,NSC,Lalitpur,Did You feel it ?
205,B.S:2072-2-3 A.D:2015-05-16,Local:23:04UTC:5:19 PM,27.6,86.26,5.5,NSC,Dolakha,Did You feel it ?
206,B.S:2072-2-3 A.D:2015-05-16,Local:02:29UTC:8:44 PM,27.64,86.14,4.3,NSC,Dolakha,Did You feel it ?
207,B.S:2072-2-2 A.D:2015-05-15,Local:09:23UTC:3:38 AM,27.63,86.25,4.1,NSC,Dolakha,Did You feel it ?
208,B.S:2072-2-2 A.D:2015-05-15,Local:09:51UTC:4:06 AM,27.69,86.08,4.3,NSC,Dolakha,Did You feel it ?
209,B.S:2072-2-2 A.D:2015-05-15,Local:13:12UTC:7:27 AM,27.93,84.84,5.5,NSC,Dhading,Did You feel it ?
210,B.S:2072-2-1 A.D:2015-05-15,Local:16:36UTC:10:51 AM,27.92,84.84,4.0,NSC,Dhading,Did You feel it ?
211,B.S:2072-2-2 A.D:2015-05-15,Local:20:54UTC:3:09 PM,27.61,86.2,4.5,NSC,Dolakha,Did You feel it ?
212,B.S:2072-2-1 A.D:2015-05-15,Local:04:43UTC:10:58 PM,27.74,86.17,4.0,NSC,Dolakha,Did You feel it ?
213,B.S:2072-2-1 A.D:2015-05-14,Local:09:08UTC:3:23 AM,27.67,86.08,5.0,NSC,Dolakha,Did You feel it ?
214,B.S:2072-2-1 A.D:2015-05-14,Local:14:37UTC:8:52 AM,27.8,85.82,4.0,NSC,Sindupalchok,Did You feel it ?
215,B.S:2072-2-1 A.D:2015-05-14,Local:14:51UTC:9:06 AM,27.83,86.15,4.5,NSC,Dolakha,Did You feel it ?
216,B.S:2072-2-1 A.D:2015-05-14,Local:21:05UTC:3:20 PM,27.62,86.09,4.2,NSC,Dolakha,Did You feel it ?
217,B.S:2072-2-1 A.D:2015-05-14,Local:01:28UTC:7:43 PM,27.75,86.14,4.0,NSC,Dolakha,Did You feel it ?
218,B.S:2072-2-1 A.D:2015-05-14,Local:02:06UTC:8:21 PM,28.06,85.35,4.5,NSC,Rasuwa,Did You feel it ?
219,B.S:2072-2-1 A.D:2015-05-14,Local:02:35UTC:8:50 PM,27.71,86.04,4.0,NSC,Dolakha,Did You feel it ?
220,B.S:2072-2-1 A.D:2015-05-14,Local:03:25UTC:9:40 PM,27.84,85.84,4.0,NSC,Sindhupalchowk,Did You feel it ?
221,B.S:2072-2-1 A.D:2015-05-14,Local:08:58UTC:3:13 AM,27.66,86.07,4.1,NSC,Dolakha,Did You feel it ?
222,B.S:2072-1-31 A.D:2015-05-14,Local:06:01UTC:12:16 AM,27.92,86.31,4.3,NSC,Dolakha,Did You feel it ?
223,B.S:2072-1-31 A.D:2015-05-13,Local:03:21UTC:9:36 PM,27.7,86.15,4.1,NSC,Dolakha,Did You feel it ?
224,B.S:2072-1-31 A.D:2015-05-13,Local:07:52UTC:2:07 AM,27.68,85.3,4.2,NSC,Kathmandu,Did You feel it ?
225,B.S:2072-1-31 A.D:2015-05-13,Local:08:55UTC:3:10 AM,27.91,84.82,5.9,NSC,Dhading,Did You feel it ?
226,B.S:2072-1-31 A.D:2015-05-13,Local:10:23UTC:4:38 AM,27.82,86.47,4.3,NSC,Dolakha,Did You feel it ?
227,B.S:2072-1-31 A.D:2015-05-13,Local:13:53UTC:8:08 AM,27.65,86.18,4.4,NSC,Dolakha,Did You feel it ?
228,B.S:2072-1-31 A.D:2015-05-13,Local:14:13UTC:8:28 AM,27.75,86.25,4.4,NSC,Dolakha,Did You feel it ?
229,B.S:2072-1-30 A.D:2015-05-13,Local:16:18UTC:10:33 AM,27.79,86.19,4.6,NSC,Dolakha,Did You feel it ?
230,B.S:2072-1-30 A.D:2015-05-13,Local:17:56UTC:12:11 PM,27.69,86.11,4.7,NSC,Sindhupalchok,Did You feel it ?
231,B.S:2072-1-30 A.D:2015-05-13,Local:18:07UTC:12:22 PM,27.79,86.07,4.8,NSC,Dolakha,Did You feel it ?
232,B.S:2072-1-30 A.D:2015-05-13,Local:18:19UTC:12:34 PM,27.84,86.25,4.6,NSC,Dolakha,Did You feel it ?
233,B.S:2072-1-31 A.D:2015-05-13,Local:03:06UTC:9:21 PM,27.64,85.7,4.0,NSC,Kavrepalanchok,Did You feel it ?
234,B.S:2072-1-31 A.D:2015-05-13,Local:22:29UTC:4:44 PM,27.63,86.17,4.5,NSC,Dolakha,Did You feel it ?
235,B.S:2072-1-31 A.D:2015-05-13,Local:09:27UTC:3:42 AM,27.85,85.92,4.2,NSC,Sindhupalchok,Did You feel it ?
236,B.S:2072-1-31 A.D:2015-05-13,Local:21:22UTC:3:37 PM,27.85,86.29,4.0,NSC,Dolakha,Did You feel it ?
237,B.S:2072-1-31 A.D:2015-05-13,Local:20:15UTC:2:30 PM,27.6,86.16,4.3,NSC,Dolakha,Did You feel it ?
238,B.S:2072-1-30 A.D:2015-05-13,Local:18:23UTC:12:38 PM,27.68,86.17,5.1,NSC,Dolakha,Did You feel it ?
239,B.S:2072-1-30 A.D:2015-05-12,Local:19:36UTC:1:51 PM,27.8,85.94,5.1,NSC,Sindhupalchok,Did You feel it ?
240,B.S:2072-1-30 A.D:2015-05-12,Local:19:51UTC:2:06 PM,27.66,86.17,5.2,NSC,Dolakha,Did You feel it ?
241,B.S:2072-1-30 A.D:2015-05-12,Local:19:54UTC:2:09 PM,27.79,86.11,5.0,NSC,Dolakha,Did You feel it ?
242,B.S:2072-1-30 A.D:2015-05-12,Local:20:04UTC:2:19 PM,27.88,85.94,4.8,NSC,Sindhupalchok,Did You feel it ?
243,B.S:2072-1-30 A.D:2015-05-12,Local:20:05UTC:2:20 PM,27.68,86.23,4.7,NSC,Dolakha,Did You feel it ?
244,B.S:2072-1-30 A.D:2015-05-12,Local:20:09UTC:2:24 PM,27.69,86.21,4.7,NSC,Dolakha,Did You feel it ?
245,B.S:2072-1-30 A.D:2015-05-12,Local:20:32UTC:2:47 PM,27.8,86.12,4.7,NSC,Dolakha,Did You feel it ?
246,B.S:2072-1-30 A.D:2015-05-12,Local:19:31UTC:1:46 PM,27.68,86.04,4.3,NSC,Dolakha,Did You feel it ?
247,B.S:2072-1-30 A.D:2015-05-12,Local:19:18UTC:1:33 PM,27.63,86.17,4.8,NSC,Dolakha,Did You feel it ?
248,B.S:2072-1-30 A.D:2015-05-12,Local:19:13UTC:1:28 PM,27.69,86.24,5.0,NSC,Dolakha,Did You feel it ?
249,B.S:2072-1-30 A.D:2015-05-12,Local:18:47UTC:1:02 PM,27.84,86.17,5.8,NSC,Dolakha,Did You feel it ?
250,B.S:2072-1-30 A.D:2015-05-12,Local:20:29UTC:2:44 PM,27.76,86.31,5.3,NSC,Dolakha,Did You feel it ?
251,B.S:2072-1-30 A.D:2015-05-12,Local:19:43UTC:1:58 PM,27.8,85.83,5.3,NSC,Sindhupalchok,Did You feel it ?
252,B.S:2072-1-30 A.D:2015-05-12,Local:19:06UTC:1:21 PM,27.73,86.21,6.2,NSC/RSC,Dolakha,Did You feel it ?
253,B.S:2072-1-29 A.D:2015-05-12,Local:18:35UTC:12:50 PM,27.82,86.12,6.8,NSC/RSC,Dolakha,Did You feel it ?
254,B.S:2072-1-30 A.D:2015-05-12,Local:07:53UTC:2:08 AM,28.16,84.9,4.1,NSC,Gorkha,Did You feel it ?
255,B.S:2072-1-29 A.D:2015-05-12,Local:05:52UTC:12:07 AM,28.1,84.91,4.0,NSC,Dhading,Did You feel it ?
256,B.S:2072-1-30 A.D:2015-05-12,Local:20:59UTC:3:14 PM,27.7,86.01,4.2,NSC,Dolakha,Did You feel it ?
257,B.S:2072-1-30 A.D:2015-05-12,Local:21:14UTC:3:29 PM,27.8,85.95,4.2,NSC,Sindhupalchok,Did You feel it ?
258,B.S:2072-1-29 A.D:2015-05-12,Local:04:58UTC:11:13 PM,27.58,86.41,4.3,NSC,Ramechhap,Did You feel it ?
259,B.S:2072-1-29 A.D:2015-05-12,Local:04:02UTC:10:17 PM,27.68,86.04,4.2,NSC,Dolakha,Did You feel it ?
260,B.S:2072-1-30 A.D:2015-05-12,Local:00:32UTC:6:47 PM,27.89,85.88,4.4,NSC,Sindhupalchok,Did You feel it ?
261,B.S:2072-1-30 A.D:2015-05-12,Local:02:58UTC:9:13 PM,27.97,86.45,4.8,NSC,Tibet,Did You feel it ?
262,B.S:2072-1-30 A.D:2015-05-12,Local:02:29UTC:8:44 PM,28.03,86.36,4.1,NSC,Tibet,Did You feel it ?
263,B.S:2072-1-30 A.D:2015-05-12,Local:01:27UTC:7:42 PM,27.84,86.23,4.4,NSC,Dolakha,Did You feel it ?
264,B.S:2072-1-30 A.D:2015-05-12,Local:01:13UTC:7:28 PM,27.78,85.85,4.3,NSC,Sindhupalchok,Did You feel it ?
265,B.S:2072-1-30 A.D:2015-05-12,Local:00:38UTC:6:53 PM,27.72,85.97,4.0,NSC,Dolakha,Did You feel it ?
266,B.S:2072-1-30 A.D:2015-05-12,Local:23:58UTC:6:13 PM,27.7,86.04,4.7,NSC,Dolakha,Did You feel it ?
267,B.S:2072-1-30 A.D:2015-05-12,Local:23:28UTC:5:43 PM,27.71,86.0,4.3,NSC,Dolakha,Did You feel it ?
268,B.S:2072-1-30 A.D:2015-05-12,Local:22:51UTC:5:06 PM,27.72,86.2,4.6,NSC,Dolakha,Did You feel it ?
269,B.S:2072-1-30 A.D:2015-05-12,Local:22:36UTC:4:51 PM,27.62,86.16,4.7,NSC,Dolakha,Did You feel it ?
270,B.S:2072-1-30 A.D:2015-05-12,Local:22:11UTC:4:26 PM,27.76,86.24,4.4,NSC,Dolakha,Did You feel it ?
271,B.S:2072-1-30 A.D:2015-05-12,Local:22:05UTC:4:20 PM,27.73,86.11,5.0,NSC,Dolakha,Did You feel it ?
272,B.S:2072-1-30 A.D:2015-05-12,Local:22:01UTC:4:16 PM,27.69,86.05,4.2,NSC,Dolakha,Did You feel it ?
273,B.S:2072-1-30 A.D:2015-05-12,Local:21:45UTC:4:00 PM,27.57,86.29,4.8,NSC,Ramechhap,Did You feel it ?
274,B.S:2072-1-30 A.D:2015-05-12,Local:21:34UTC:3:49 PM,27.68,86.03,4.4,NSC,Dolakha,Did You feel it ?
275,B.S:2072-1-29 A.D:2015-05-11,Local:02:20UTC:8:35 PM,27.99,85.86,4.2,NSC,Sindhupalchowk,Did You feel it ?
276,B.S:2072-1-28 A.D:2015-05-11,Local:05:39UTC:11:54 PM,27.91,85.75,4.0,NSC,Sindhupalchowk,Did You feel it ?
277,B.S:2072-1-28 A.D:2015-05-10,Local:21:08UTC:3:23 PM,27.65,85.56,4.2,NSC,kavre,Did You feel it ?
278,B.S:2072-1-27 A.D:2015-05-10,Local:16:53UTC:11:08 AM,28.02,85.25,4.0,NSC,Rasuwa,Did You feel it ?
279,B.S:2072-1-28 A.D:2015-05-10,Local:08:29UTC:2:44 AM,26.94,86.67,4.0,NSC,Udayapur,Did You feel it ?
280,B.S:2072-1-28 A.D:2015-05-10,Local:12:19UTC:6:34 AM,27.88,86.0,4.4,NSC,Sindhupalchowk,Did You feel it ?
281,B.S:2072-1-28 A.D:2015-05-10,Local:07:35UTC:1:50 AM,28.04,85.96,4.2,NSC,Tibet,Did You feel it ?
282,B.S:2072-1-27 A.D:2015-05-09,Local:08:53UTC:3:08 AM,28.04,85.2,4.1,NSC,Rasuwa,Did You feel it ?
283,B.S:2072-1-26 A.D:2015-05-08,Local:20:50UTC:3:05 PM,28.01,85.41,4.2,NSC,Nuwakot,Did You feel it ?
284,B.S:2072-1-26 A.D:2015-05-08,Local:19:17UTC:1:32 PM,27.77,85.88,4.8,NSC,Sindhupalchowk,Did You feel it ?
285,B.S:2072-1-26 A.D:2015-05-08,Local:14:04UTC:8:19 AM,27.75,85.91,4.2,NSC,Sindhupalchowk,Did You feel it ?
286,B.S:2072-1-26 A.D:2015-05-08,Local:12:02UTC:6:17 AM,27.69,86.04,5.0,NSC,Dolakha,Did You feel it ?
287,B.S:2072-1-26 A.D:2015-05-08,Local:08:04UTC:2:19 AM,27.94,85.58,4.0,NSC,Sindhupalchowk,Did You feel it ?
288,B.S:2072-1-25 A.D:2015-05-07,Local:09:26UTC:3:41 AM,27.75,85.19,4.2,NSC,Nuwakot,Did You feel it ?
289,B.S:2072-1-25 A.D:2015-05-07,Local:13:41UTC:7:56 AM,27.79,85.16,4.0,NSC,Nuwakot,Did You feel it ?
290,B.S:2072-1-24 A.D:2015-05-07,Local:04:00UTC:10:15 PM,27.92,85.46,4.0,NSC,Nuwakot,Did You feel it ?
291,B.S:2072-1-23 A.D:2015-05-06,Local:04:04UTC:10:19 PM,28.04,85.26,4.0,NSC,Rasuwa,Did You feel it ?
292,B.S:2072-1-24 A.D:2015-05-06,Local:23:47UTC:6:02 PM,28.01,84.68,4.2,NSC,Gorkha,Did You feel it ?
293,B.S:2072-1-23 A.D:2015-05-05,Local:12:24UTC:6:39 AM,28.06,85.05,4.0,NSC,Dhading,Did You feel it ?
294,B.S:2072-1-23 A.D:2015-05-05,Local:22:08UTC:4:23 PM,27.74,86.03,4.3,NSC,Dolakha,Did You feel it ?
295,B.S:2072-1-23 A.D:2015-05-05,Local:22:45UTC:5:00 PM,27.96,86.0,4.2,NSC,Sindhupalchowk,Did You feel it ?
296,B.S:2072-1-22 A.D:2015-05-04,Local:10:44UTC:4:59 AM,27.75,85.87,4.2,NSC,Sindhupalchowk,Did You feel it ?
297,B.S:2072-1-22 A.D:2015-05-04,Local:12:45UTC:7:00 AM,27.69,85.99,4.3,NSC,Dolakha,Did You feel it ?
298,B.S:2072-1-22 A.D:2015-05-04,Local:15:39UTC:9:54 AM,27.97,85.21,4.2,NSC,Nuwakot,Did You feel it ?
299,B.S:2072-1-21 A.D:2015-05-04,Local:16:18UTC:10:33 AM,27.79,85.16,4.0,NSC,Nuwakot,Did You feel it ?
300,B.S:2072-1-21 A.D:2015-05-04,Local:16:21UTC:10:36 AM,27.8,85.16,4.1,NSC,Nuwakot,Did You feel it ?
301,B.S:2072-1-22 A.D:2015-05-04,Local:20:19UTC:2:34 PM,27.79,86.23,4.7,NSC,Dolakha,Did You feel it ?
302,B.S:2072-1-22 A.D:2015-05-04,Local:21:25UTC:3:40 PM,27.95,85.86,4.4,NSC,Sindhupalchowk,Did You feel it ?
303,B.S:2072-1-22 A.D:2015-05-04,Local:19:02UTC:1:17 PM,28.12,84.8,4.0,NSC,Gorkha,Did You feel it ?
304,B.S:2072-1-22 A.D:2015-05-04,Local:23:47UTC:6:02 PM,27.74,86.0,4.2,NSC,Dolakha,Did You feel it ?
305,B.S:2072-1-21 A.D:2015-05-03,Local:09:14UTC:3:29 AM,27.69,85.93,4.5,NSC,Sindhupalchowk,Did You feel it ?
306,B.S:2072-1-20 A.D:2015-05-03,Local:04:24UTC:10:39 PM,28.05,84.94,4.0,NSC,Dhading,Did You feel it ?
307,B.S:2072-1-21 A.D:2015-05-03,Local:11:32UTC:5:47 AM,28.08,85.04,4.0,NSC,Gorkha,Did You feel it ?
308,B.S:2072-1-21 A.D:2015-05-03,Local:13:45UTC:8:00 AM,27.98,84.87,4.1,NSC,Dhading,Did You feel it ?
309,B.S:2072-1-20 A.D:2015-05-03,Local:16:31UTC:10:46 AM,27.94,84.83,4.5,NSC,Dhading,Did You feel it ?
310,B.S:2072-1-21 A.D:2015-05-03,Local:23:05UTC:5:20 PM,27.8,85.11,4.9,NSC,Nuwakot,Did You feel it ?
311,B.S:2072-1-21 A.D:2015-05-03,Local:00:43UTC:6:58 PM,27.89,85.73,4.0,NSC,Sindhupalchowk,Did You feel it ?
312,B.S:2072-1-21 A.D:2015-05-03,Local:02:12UTC:8:27 PM,28.09,85.72,4.2,NSC,Sindhupalchowk,Did You feel it ?
313,B.S:2072-1-20 A.D:2015-05-02,Local:09:40UTC:3:55 AM,27.95,85.73,4.2,NSC,Sindhupalchowk,Did You feel it ?
314,B.S:2072-1-20 A.D:2015-05-02,Local:11:40UTC:5:55 AM,27.74,86.28,4.3,NSC,Dolakha,Did You feel it ?
315,B.S:2072-1-20 A.D:2015-05-02,Local:15:17UTC:9:32 AM,27.93,85.5,4.2,NSC,Sindhupalchowk,Did You feel it ?
316,B.S:2072-1-19 A.D:2015-05-02,Local:16:58UTC:11:13 AM,27.72,85.74,4.0,NSC,Sindhupalchowk,Did You feel it ?
317,B.S:2072-1-19 A.D:2015-05-02,Local:17:05UTC:11:20 AM,28.24,84.76,5.1,NSC,Gorkha,Did You feel it ?
318,B.S:2072-1-20 A.D:2015-05-02,Local:02:46UTC:9:01 PM,27.66,86.01,4.1,NSC,Dolakha,Did You feel it ?
319,B.S:2072-1-18 A.D:2015-05-01,Local:06:43UTC:12:58 AM,27.7,85.98,4.2,NSC,Dolakha,Did You feel it ?
320,B.S:2072-1-19 A.D:2015-05-01,Local:08:41UTC:2:56 AM,27.68,85.3,4.0,NSC,Kathmandu,Did You feel it ?
321,B.S:2072-1-18 A.D:2015-05-01,Local:16:20UTC:10:35 AM,27.75,85.95,4.0,NSC,Sindhupalchowk,Did You feel it ?
322,B.S:2072-1-18 A.D:2015-05-01,Local:17:13UTC:11:28 AM,28.04,85.33,4.5,NSC,Rasuwa,Did You feel it ?
323,B.S:2072-1-19 A.D:2015-05-01,Local:23:22UTC:5:37 PM,27.74,85.99,4.0,NSC,Dolakha,Did You feel it ?
324,B.S:2072-1-19 A.D:2015-05-01,Local:02:12UTC:8:27 PM,27.88,85.87,4.2,NSC,Sindhupalchowk,Did You feel it ?
325,B.S:2072-1-18 A.D:2015-05-01,Local:05:44UTC:11:59 PM,28.04,85.32,4.0,NSC,Rasuwa,Did You feel it ?
326,B.S:2072-1-18 A.D:2015-04-30,Local:12:07UTC:6:22 AM,27.93,84.83,4.7,NSC,Dhading,Did You feel it ?
327,B.S:2072-1-18 A.D:2015-04-30,Local:14:16UTC:8:31 AM,28.05,85.34,4.7,NSC,Rasuwa,Did You feel it ?
328,B.S:2072-1-18 A.D:2015-04-30,Local:19:14UTC:1:29 PM,27.65,86.09,4.1,NSC,Dolakha,Did You feel it ?
329,B.S:2072-1-17 A.D:2015-04-30,Local:05:04UTC:11:19 PM,27.92,85.87,4.3,NSC,Sindhupalchowk,Did You feel it ?
330,B.S:2072-1-17 A.D:2015-04-29,Local:19:02UTC:1:17 PM,28.04,85.37,4.0,NSC,Nuwakot,Did You feel it ?
331,B.S:2072-1-17 A.D:2015-04-29,Local:10:34UTC:4:49 AM,27.93,85.63,4.0,NSC,Sindhupalchowk,Did You feel it ?
332,B.S:2072-1-17 A.D:2015-04-29,Local:11:39UTC:5:54 AM,27.79,85.14,4.2,NSC,Nuwakot,Did You feel it ?
333,B.S:2072-1-17 A.D:2015-04-29,Local:21:09UTC:3:24 PM,27.86,84.89,4.5,NSC,Dhading,Did You feel it ?
334,B.S:2072-1-17 A.D:2015-04-29,Local:22:57UTC:5:12 PM,27.95,85.52,4.5,NSC,Sindhupalchowk,Did You feel it ?
335,B.S:2072-1-16 A.D:2015-04-29,Local:04:46UTC:11:01 PM,28.19,84.8,4.4,NSC,Gorkha,Did You feel it ?
336,B.S:2072-1-15 A.D:2015-04-28,Local:06:29UTC:12:44 AM,28.29,84.93,4.8,NSC,Gorkha,Did You feel it ?
337,B.S:2072-1-16 A.D:2015-04-28,Local:08:44UTC:2:59 AM,27.92,85.51,4.2,NSC,Sindhupalchowk,Did You feel it ?
338,B.S:2072-1-16 A.D:2015-04-28,Local:08:57UTC:3:12 AM,27.89,85.76,4.2,NSC,Sindhupalchowk,Did You feel it ?
339,B.S:2072-1-16 A.D:2015-04-28,Local:09:56UTC:4:11 AM,28.1,84.65,4.2,NSC,Gorkha,Did You feel it ?
340,B.S:2072-1-16 A.D:2015-04-28,Local:10:50UTC:5:05 AM,28.1,85.49,4.9,NSC,Sindhupalchok,Did You feel it ?
341,B.S:2072-1-16 A.D:2015-04-28,Local:13:30UTC:7:45 AM,27.81,86.09,4.2,NSC,Dolakha,Did You feel it ?
342,B.S:2072-1-16 A.D:2015-04-28,Local:14:25UTC:8:40 AM,27.76,85.8,4.0,NSC,Sindhupalchowk,Did You feel it ?
343,B.S:2072-1-15 A.D:2015-04-28,Local:17:53UTC:12:08 PM,27.96,85.55,4.0,NSC,Sindhupalchowk,Did You feel it ?
344,B.S:2072-1-16 A.D:2015-04-28,Local:20:55UTC:3:10 PM,27.83,85.83,4.0,NSC,Sindhupalchowk,Did You feel it ?
345,B.S:2072-1-16 A.D:2015-04-28,Local:22:29UTC:4:44 PM,27.78,85.17,4.0,NSC,Nuwakot,Did You feel it ?
346,B.S:2072-1-16 A.D:2015-04-28,Local:22:48UTC:5:03 PM,27.88,85.88,4.2,NSC,Sindhupalchowk,Did You feel it ?
347,B.S:2072-1-15 A.D:2015-04-28,Local:03:52UTC:10:07 PM,28.2,84.78,4.0,NSC,Gorkha,Did You feel it ?
348,B.S:2072-1-15 A.D:2015-04-27,Local:10:12UTC:4:27 AM,27.82,85.76,4.4,NSC,Sindhupalchowk,Did You feel it ?
349,B.S:2072-1-15 A.D:2015-04-27,Local:10:02UTC:4:17 AM,27.57,85.74,4.5,NSC,Kavrepalanchowk,Did You feel it ?
350,B.S:2072-1-15 A.D:2015-04-27,Local:10:00UTC:4:15 AM,27.56,85.73,4.2,NSC,Kavrepalanchowk,Did You feel it ?
351,B.S:2072-1-15 A.D:2015-04-27,Local:09:22UTC:3:37 AM,27.75,85.2,4.1,NSC,Kathmandu,Did You feel it ?
352,B.S:2072-1-14 A.D:2015-04-27,Local:06:24UTC:12:39 AM,28.26,85.1,4.5,NSC,Rasuwa,Did You feel it ?
353,B.S:2072-1-15 A.D:2015-04-27,Local:12:09UTC:6:24 AM,27.77,85.12,4.7,NSC,Nuwakot,Did You feel it ?
354,B.S:2072-1-15 A.D:2015-04-27,Local:14:03UTC:8:18 AM,27.67,85.55,4.2,NSC,Kavrepalanchowk,Did You feel it ?
355,B.S:2072-1-15 A.D:2015-04-27,Local:15:44UTC:9:59 AM,28.24,85.23,4.3,NSC,Rasuwa,Did You feel it ?
356,B.S:2072-1-14 A.D:2015-04-27,Local:05:15UTC:11:30 PM,28.19,85.03,4.0,NSC,Dhading,Did You feel it ?
357,B.S:2072-1-14 A.D:2015-04-27,Local:04:24UTC:10:39 PM,27.82,85.89,4.2,NSC,Sindhupalchowk,Did You feel it ?
358,B.S:2072-1-15 A.D:2015-04-27,Local:03:21UTC:9:36 PM,27.67,85.29,4.5,NSC,Kathmandu,Did You feel it ?
359,B.S:2072-1-15 A.D:2015-04-27,Local:21:02UTC:3:17 PM,27.8,85.12,4.0,NSC,Nuwakot,Did You feel it ?
360,B.S:2072-1-14 A.D:2015-04-27,Local:15:50UTC:10:05 AM,27.93,85.86,4.0,NSC,Sindhupalchowk,Did You feel it ?
361,B.S:2072-1-14 A.D:2015-04-26,Local:08:34UTC:2:49 AM,27.98,84.99,4.0,NSC,Gorkha,Did You feel it ?
362,B.S:2072-1-14 A.D:2015-04-26,Local:10:46UTC:5:01 AM,27.99,85.02,5.5,NSC,Nuwakot,Did You feel it ?
363,B.S:2072-1-14 A.D:2015-04-26,Local:11:10UTC:5:25 AM,27.69,85.25,4.0,NSC,Kathmandu,Did You feel it ?
364,B.S:2072-1-14 A.D:2015-04-26,Local:11:11UTC:5:26 AM,27.67,86.07,4.5,NSC,Dolakha,Did You feel it ?
365,B.S:2072-1-14 A.D:2015-04-26,Local:11:17UTC:5:32 AM,28.05,85.34,4.0,NSC,Rasuwa,Did You feel it ?
366,B.S:2072-1-14 A.D:2015-04-26,Local:11:45UTC:6:00 AM,27.67,85.28,4.0,NSC,Kathmandu,Did You feel it ?
367,B.S:2072-1-14 A.D:2015-04-26,Local:12:01UTC:6:16 AM,27.84,85.12,4.0,NSC,Nuwakot,Did You feel it ?
368,B.S:2072-1-14 A.D:2015-04-26,Local:14:28UTC:8:43 AM,28.32,84.73,4.5,NSC,Gorkha,Did You feel it ?
369,B.S:2072-1-14 A.D:2015-04-26,Local:08:02UTC:2:17 AM,27.6,85.96,4.8,NSC,Sindhupalchowk,Did You feel it ?
370,B.S:2072-1-14 A.D:2015-04-26,Local:08:37UTC:2:52 AM,27.82,85.8,4.8,NSC,Sindhupalchowk,Did You feel it ?
371,B.S:2072-1-13 A.D:2015-04-26,Local:05:59UTC:12:14 AM,27.94,85.55,4.1,NSC,Sindhupalchowk,Did You feel it ?
372,B.S:2072-1-13 A.D:2015-04-26,Local:06:28UTC:12:43 AM,27.71,85.43,4.6,NSC,Kathmandu,Did You feel it ?
373,B.S:2072-1-14 A.D:2015-04-26,Local:07:14UTC:1:29 AM,27.93,85.56,4.1,NSC,Sindhupalchowk,Did You feel it ?
374,B.S:2072-1-14 A.D:2015-04-26,Local:07:34UTC:1:49 AM,28.05,85.35,4.0,NSC,Rasuwa,Did You feel it ?
375,B.S:2072-1-14 A.D:2015-04-26,Local:07:37UTC:1:52 AM,28.14,84.71,4.2,NSC,Gorkha,Did You feel it ?
376,B.S:2072-1-14 A.D:2015-04-26,Local:07:41UTC:1:56 AM,27.93,85.56,4.4,NSC,Sindhupalchowk,Did You feel it ?
377,B.S:2072-1-14 A.D:2015-04-26,Local:07:53UTC:2:08 AM,28.25,85.83,4.0,NSC,Rasuwa,Did You feel it ?
378,B.S:2072-1-14 A.D:2015-04-26,Local:07:59UTC:2:14 AM,28.24,84.82,4.3,NSC,Gorkha,Did You feel it ?
379,B.S:2072-1-14 A.D:2015-04-26,Local:14:40UTC:8:55 AM,27.8,85.16,5.1,NSC,Nuwakot,Did You feel it ?
380,B.S:2072-1-14 A.D:2015-04-26,Local:14:51UTC:9:06 AM,27.64,85.63,5.0,NSC,Kavre,Did You feel it ?
381,B.S:2072-1-14 A.D:2015-04-26,Local:02:02UTC:8:17 PM,27.79,85.15,4.0,NSC,Nuwakot,Did You feel it ?
382,B.S:2072-1-14 A.D:2015-04-26,Local:02:14UTC:8:29 PM,27.72,85.97,4.5,NSC,Sindhupalchowk,Did You feel it ?
383,B.S:2072-1-14 A.D:2015-04-26,Local:02:27UTC:8:42 PM,28.31,84.97,4.5,NSC,Gorkha,Did You feel it ?
384,B.S:2072-1-14 A.D:2015-04-26,Local:03:32UTC:9:47 PM,27.65,85.97,4.0,NSC,Dolakha,Did You feel it ?
385,B.S:2072-1-13 A.D:2015-04-26,Local:03:53UTC:10:08 PM,27.67,85.3,4.0,NSC,Kathmandu,Did You feel it ?
386,B.S:2072-1-13 A.D:2015-04-26,Local:03:55UTC:10:10 PM,27.95,85.87,5.3,NSC,Sindhupalchowk,Did You feel it ?
387,B.S:2072-1-13 A.D:2015-04-26,Local:04:27UTC:10:42 PM,27.83,86.06,4.0,NSC,Dolakha,Did You feel it ?
388,B.S:2072-1-13 A.D:2015-04-26,Local:05:36UTC:11:51 PM,27.91,85.55,4.2,NSC,Sindhupalchowk,Did You feel it ?
389,B.S:2072-1-14 A.D:2015-04-26,Local:00:53UTC:7:08 PM,27.68,85.95,4.0,NSC,Dolakha,Did You feel it ?
390,B.S:2072-1-14 A.D:2015-04-26,Local:00:41UTC:6:56 PM,27.89,85.6,5.0,NSC,Sindhupalchowk,Did You feel it ?
391,B.S:2072-1-13 A.D:2015-04-26,Local:16:20UTC:10:35 AM,28.04,85.5,4.5,NSC,Sindhupalchowk,Did You feel it ?
392,B.S:2072-1-13 A.D:2015-04-26,Local:16:28UTC:10:43 AM,28.26,85.02,4.8,NSC,Gorkha,Did You feel it ?
393,B.S:2072-1-13 A.D:2015-04-26,Local:18:39UTC:12:54 PM,27.84,86.05,6.9,NSC,Dolakha,Did You feel it ?
394,B.S:2072-1-14 A.D:2015-04-26,Local:18:57UTC:1:12 PM,27.75,85.94,5.3,NSC,Sindhupalchowk,Did You feel it ?
395,B.S:2072-1-14 A.D:2015-04-26,Local:19:07UTC:1:22 PM,27.94,86.05,5.0,NSC,Tibet,Did You feel it ?
396,B.S:2072-1-14 A.D:2015-04-26,Local:20:10UTC:2:25 PM,27.79,86.0,4.8,NSC,Sindhupalchowk,Did You feel it ?
397,B.S:2072-1-14 A.D:2015-04-26,Local:20:16UTC:2:31 PM,27.97,85.81,4.5,NSC,Sindhupalchowk,Did You feel it ?
398,B.S:2072-1-14 A.D:2015-04-26,Local:21:12UTC:3:27 PM,27.77,85.91,4.5,NSC,Sindhupalchowk,Did You feel it ?
399,B.S:2072-1-12 A.D:2015-04-25,Local:15:15UTC:09:30,28.0,85.6,5.5,NSC/RSC,Sindhupalchowk,Did You feel it ?
400,B.S:2072-1-13 A.D:2015-04-25,Local:21:13UTC:3:28 PM,28.29,85.16,4.6,NSC/RSC,Rasuwa,Did You feel it ?
401,B.S:2072-1-13 A.D:2015-04-25,Local:21:53UTC:4:08 PM,27.87,85.8,4.1,NSC/RSC,Sindhupalchowk,Did You feel it ?
402,B.S:2072-1-12 A.D:2015-04-25,Local:16:25UTC:10:40,27.86,85.85,4.0,NSC/RSC,Sindhupalchowk,Did You feel it ?
403,B.S:2072-1-12 A.D:2015-04-25,Local:16:50UTC:11:05,27.91,85.5,4.6,NSC/RSC,Sindhupalchowk,Did You feel it ?
404,B.S:2072-1-12 A.D:2015-04-25,Local:17:26UTC:11:41,28.14,85.28,4.1,NSC/RSC,Rasuwa,Did You feel it ?
405,B.S:2072-1-12 A.D:2015-04-25,Local:18:02UTC:12:17,28.0,85.4,4.9,NSC/RSC,Nuwakot,Did You feel it ?
406,B.S:2072-1-12 A.D:2015-04-25,Local:18:29UTC:12:44,28.16,84.71,5.5,NSC/RSC,Gorkha,Did You feel it ?
407,B.S:2072-1-12 A.D:2015-04-25,Local:14:48UTC:09:03,27.91,85.33,5.3,NSC/RSC,Nuwakot,Did You feel it ?
408,B.S:2072-1-12 A.D:2015-04-25,Local:14:40UTC:08:55,27.65,85.63,5.7,NSC/RSC,Kabre,Did You feel it ?
409,B.S:2072-1-12 A.D:2015-04-25,Local:14:14UTC:08:29,28.18,84.95,5.2,NSC/RSC,Gorkha,Did You feel it ?
410,B.S:2072-1-12 A.D:2015-04-25,Local:15:28UTC:09:43,28.29,85.16,4.6,NSC,Rasuwa,Did You feel it ?
411,B.S:2072-1-12 A.D:2015-04-25,Local:16:08UTC:10:23,27.87,85.8,4.1,NSC,Sindhupalchowk,Did You feel it ?
412,B.S:2072-1-12 A.D:2015-04-25,Local:11:56UTC:06:11,28.24,84.75,7.6,NSC/RSC,Gorkha,Did You feel it ?
413,B.S:2072-1-12 A.D:2015-04-25,Local:12:30UTC:06:45,28.28,84.72,6.6,NSC/RSC,Gorkha,Did You feel it ?
414,B.S:2072-1-12 A.D:2015-04-25,Local:12:41UTC:06:56,28.13,85.65,5.7,NSC/RSC,Rasuwa,Did You feel it ?
415,B.S:2072-1-12 A.D:2015-04-25,Local:12:53UTC:07:08,28.2,85.75,5.3,NSC/RSC,Rasuwa,Did You feel it ?
416,B.S:2072-1-12 A.D:2015-04-25,Local:14:02UTC:08:17,27.78,85.84,5.2,NSC/RSC,Sindhupalchowk,Did You feel it ?
417,B.S:2072-1-12 A.D:2015-04-25,Local:14:05UTC:08:20,27.9,84.86,5.1,NSC/RSC,Dhading,Did You feel it ?
418,B.S:2072-1-12 A.D:2015-04-25,Local:19:15UTC:13:30,28.1,85.2,4.7,NSC/RSC,Rasuwa,Did You feel it ?
419,B.S:2072-1-12 A.D:2015-04-25,Local:19:38UTC:13:53,27.79,85.16,4.1,NSC/RSC,Nuwakot,Did You feel it ?
420,B.S:2072-1-12 A.D:2015-04-25,Local:05:25UTC:11:40 PM,28.1,85.27,4.0,NSC,Rasuwa,Did You feel it ?
421,B.S:2072-1-12 A.D:2015-04-25,Local:05:31UTC:11:46 PM,27.78,85.98,4.1,NSC,Sindhupalchowk,Did You feel it ?
422,B.S:2072-1-12 A.D:2015-04-25,Local:12:23UTC:06:38,28.41,85.8,5.5,NSC,Tibet,Did You feel it ?
423,B.S:2072-1-12 A.D:2015-04-25,Local:13:32UTC:07:47,27.99,85.71,5.1,NSC,Tibet,Did You feel it ?
424,B.S:2072-1-12 A.D:2015-04-25,Local:05:12UTC:11:27 PM,28.34,85.91,5.6,NSC,Tibet,Did You feel it ?
425,B.S:2072-1-12 A.D:2015-04-25,Local:18:24UTC:12:39,27.82,86.05,4.5,NSC,Dolakha,Did You feel it ?
426,B.S:2072-1-13 A.D:2015-04-25,Local:01:06UTC:7:21 PM,27.69,86.02,4.9,NSC,Dolakha,Did You feel it ?
427,B.S:2072-1-13 A.D:2015-04-25,Local:02:06UTC:8:21 PM,27.6,86.09,4.5,NSC,Dolakha,Did You feel it ?
428,B.S:2072-1-12 A.D:2015-04-25,Local:05:10UTC:11:25 PM,27.78,85.17,4.0,NSC,Nuwakot,Did You feel it ?
429,B.S:2072-1-12 A.D:2015-04-25,Local:05:09UTC:11:24 PM,27.9,85.53,4.0,NSC,Sindhupalchowk,Did You feel it ?
430,B.S:2072-1-12 A.D:2015-04-25,Local:05:04UTC:11:19 PM,27.77,85.83,4.1,NSC,Sindhupalchowk,Did You feel it ?
431,B.S:2072-1-12 A.D:2015-04-25,Local:04:16UTC:10:31 PM,27.8,85.29,4.0,NSC,Nuwakot,Did You feel it ?
432,B.S:2072-1-12 A.D:2015-04-25,Local:03:57UTC:10:12 PM,27.92,85.64,5.3,NSC,Sindhupalchowk,Did You feel it ?
433,B.S:2072-1-13 A.D:2015-04-25,Local:02:47UTC:9:02 PM,27.95,85.56,4.2,NSC,Sindhupalchowk,Did You feel it ?
434,B.S:2072-1-13 A.D:2015-04-25,Local:02:21UTC:8:36 PM,28.14,85.16,4.4,NSC,Rasuwa,Did You feel it ?
435,B.S:2072-1-13 A.D:2015-04-25,Local:02:10UTC:8:25 PM,27.73,85.9,5.0,NSC,Sindhupalchowk,Did You feel it ?
436,B.S:2072-1-13 A.D:2015-04-25,Local:01:53UTC:8:08 PM,28.05,85.25,4.1,NSC,Rasuwa,Did You feel it ?
437,B.S:2072-1-13 A.D:2015-04-25,Local:01:40UTC:7:55 PM,27.73,85.9,4.7,NSC,Sindhupalchowk,Did You feel it ?
438,B.S:2072-1-13 A.D:2015-04-25,Local:01:32UTC:7:47 PM,27.68,85.32,4.1,NSC,Kathmandu,Did You feel it ?
439,B.S:2072-1-11 A.D:2015-04-23,Local:07:42UTC:1:57 AM,28.4,83.99,4.1,NSC,Kaski,Did You feel it ?
440,B.S:2072-1-10 A.D:2015-04-22,Local:12:59UTC:7:14 AM,28.8,81.92,4.5,NSC,Jajarkot,Did You feel it ?
441,B.S:2072-1-9 A.D:2015-04-21,Local:01:37UTC:7:52 PM,28.85,82.18,5.1,NSC,Jajarkot,Did You feel it ?
442,B.S:2071-11-2 A.D:2015-02-14,Local:04:36UTC:10:51 PM,27.42,87.01,4.5,NSC,Bhojpur,Did You feel it ?
443,B.S:2071-10-18 A.D:2015-01-31,Local:01:29UTC:7:44 PM,28.29,83.73,5.5,NSC,Kaski,Did You feel it ?
444,B.S:2071-10-9 A.D:2015-01-22,Local:15:12UTC:9:27 AM,29.36,81.03,4.4,RSC,Doti,Did You feel it ?
445,B.S:2071-9-23 A.D:2015-01-06,Local:07:11UTC:1:26 AM,29.07,81.51,4.5,NSC,Dailekh,Did You feel it ?
1,B.S:2073-8-14 A.D:2016-11-28,Local:05:20UTC:23:35,27.79,86.58,5.6,NSC/RSC,Ramechap/Solukhumbu,Did You feel it ?
2,B.S:2073-7-22 A.D:2016-11-06,Local:21:47UTC:4:02 PM,29.69,81.05,4.0,RSC/NSC,Bajhang,Did You feel it ?
3,B.S:2073-7-1 A.D:2016-10-17,Local:10:03UTC:04:18,27.87,85.3,4.0,NSC,Nuwakot,Did You feel it ?
4,B.S:2073-6-29 A.D:2016-10-15,Local:18:22UTC:12:37,28.04,85.17,4.1,NSC,Rasuwa,Did You feel it ?
5,B.S:2073-6-26 A.D:2016-10-12,Local:14:14UTC:08:29,27.66,85.95,4.1,NSC,Dolakha,Did You feel it ?
6,B.S:2073-6-25 A.D:2016-10-11,Local:12:53UTC:07:08,27.67,85.95,4.6,NSC,Dolakha,Did You feel it ?
7,B.S:2073-6-21 A.D:2016-10-07,Local:10:37UTC:04:52,27.65,86.13,4.2,NSc,Dolakha,Did You feel it ?
8,B.S:2073-6-2 A.D:2016-09-18,Local:22:57UTC:17:12,27.91,85.77,4.6,NSC,Sindhupalchowk,Did You feel it ?
9,B.S:2073-5-20 A.D:2016-09-05,Local:06:22UTC:00:37,27.82,86.14,4.1,NSC,Dolakha,Did You feel it ?
10,B.S:2073-5-20 A.D:2016-09-05,Local:07:49UTC:02:04,27.78,86.35,4.5,NSC,Dolakha,Did You feel it ?
11,B.S:2073-5-11 A.D:2016-08-27,Local:17:48UTC:12:03 PM,29.81,81.56,4.0,RSC/NSC,Bajura,Did You feel it ?
12,B.S:2073-4-8 A.D:2016-07-23,Local:11:59UTC:06:14,27.99,84.71,4.1,NSC,Gorkha,Did You feel it ?
13,B.S:2073-3-25 A.D:2016-07-08,Local:04:08UTC:22:23,27.84,86.16,4.1,NSC,Dolakha,Did You feel it ?
14,B.S:2073-3-23 A.D:2016-07-07,Local:17:38UTC:11:53,27.92,85.66,4.4,NSC,Sindhupalchowk,Did You feel it ?
15,B.S:2073-3-23 A.D:2016-07-07,Local:14:44UTC:08:59,28.31,84.35,4.3,NSC/RSC,Lamjung,Did You feel it ?
16,B.S:2073-3-18 A.D:2016-07-02,Local:06:08UTC:12:23 AM,29.64,81.28,4.4,RSC/NSC,Bajhang,Did You feel it ?
17,B.S:2073-3-16 A.D:2016-06-29,Local:14:55UTC:9:10 AM,29.63,81.28,5.0,RSC/NSC,Bajhang,Did You feel it ?
18,B.S:2073-3-16 A.D:2016-06-29,Local:15:11UTC:9:26 AM,29.63,81.24,4.2,RSC/NSC,Bajhang,Did You feel it ?
19,B.S:2073-3-8 A.D:2016-06-22,Local:18:45UTC:13:00,27.76,86.34,4.1,NSC,Dolakha,Did You feel it ?
20,B.S:2073-3-7 A.D:2016-06-21,Local:11:34UTC:05:49,27.93,85.21,4.4,NSC,Nuwakot,Did You feel it ?
21,B.S:2073-3-1 A.D:2016-06-14,Local:05:12UTC:23:27,28.03,84.64,4.3,NSC,Gorkha,Did You feel it ?
22,B.S:2073-2-22 A.D:2016-06-03,Local:05:10UTC:23:25,27.96,85.62,4.4,NSC,Sindhupalchowk,Did You feel it ?
23,B.S:2073-2-15 A.D:2016-05-28,Local:15:24UTC:09:39,27.94,85.5,4.6,NSC/RSC,Sindhupalchok,Did You feel it ?
24,B.S:2073-2-12 A.D:2016-05-24,Local:00:54UTC:19:09,27.73,85.16,4.2,NSC/RSC,Dhading,Did You feel it ?
25,B.S:2073-2-3 A.D:2016-05-15,Local:04:30UTC:22:45,27.93,85.5,4.4,NSC/RSC,Sindhupalchowk,Did You feel it ?
26,B.S:2073-2-2 A.D:2016-05-14,Local:05:05UTC:23:20,27.97,85.55,4.3,NSC,Sindhupalchowk,Did You feel it ?
27,B.S:2073-2-1 A.D:2016-05-13,Local:01:09UTC:19:24,27.69,86.24,4.1,NSC,Dolakha,Did You feel it ?
28,B.S:2073-1-29 A.D:2016-05-11,Local:14:37UTC:08:52,28.01,84.68,4.5,NSC,Gorkha,Did You feel it ?
29,B.S:2073-1-29 A.D:2016-05-11,Local:07:04UTC:01:19,28.01,84.94,4.4,NSC,Dhading,Did You feel it ?
30,B.S:2073-1-23 A.D:2016-05-05,Local:10:31UTC:04:46,28.24,84.99,4.1,NSC,Gorkha/Dhading,Did You feel it ?
31,B.S:2073-1-23 A.D:2016-05-04,Local:11:17UTC:5:32 AM,29.38,81.88,4.0,RSC/NSC,Kalikot,Did You feel it ?
32,B.S:2073-1-19 A.D:2016-04-30,Local:12:28UTC:6:43 AM,29.54,81.1,4.2,RSC/NSC,Bajhang,Did You feel it ?
33,B.S:2073-1-14 A.D:2016-04-26,Local:15:18UTC:09:33,28.05,85.38,4.3,NSC,Rasuwa,Did You feel it ?
34,B.S:2073-1-13 A.D:2016-04-24,Local:02:16UTC:20:31,28.08,85.13,4.2,NSC,Nuwakot,Did You feel it ?
35,B.S:2073-1-10 A.D:2016-04-22,Local:16:49UTC:11:04,27.79,85.85,4.0,NSC,Sindhupalchowk,Did You feel it ?
36,B.S:2073-1-10 A.D:2016-04-22,Local:12:41UTC:06:56,27.72,86.29,4.0,NSC,Dolakha,Did You feel it ?
37,B.S:2072-12-30 A.D:2016-04-12,Local:20:26UTC:14:41,27.56,86.17,4.4,NSC,Dolakha,Did You feel it ?
38,B.S:2072-12-27 A.D:2016-04-09,Local:19:05UTC:13:20,27.65,85.31,4.5,NSC,Lalitpur,Did You feel it ?
39,B.S:2072-12-23 A.D:2016-04-04,Local:09:40UTC:3:55 AM,29.81,81.51,4.3,RSC/NSC,Bajhang,Did You feel it ?
40,B.S:2072-12-22 A.D:2016-04-04,Local:10:16UTC:04:31,27.72,86.09,4.7,NSC,Dolakha,Did You feel it ?
41,B.S:2072-12-19 A.D:2016-03-31,Local:04:26UTC:22:41,27.93,85.59,4.0,NSC,Sindhupalchowk,Did You feel it ?
42,B.S:2072-12-17 A.D:2016-03-30,Local:18:11UTC:12:26,27.89,85.73,4.7,NSC,Sindhupalchowk,Did You feel it ?
43,B.S:2072-12-12 A.D:2016-03-24,Local:05:26UTC:23:41,27.75,88.04,4.1,NSC,Taplejung,Did You feel it ?
44,B.S:2072-12-4 A.D:2016-03-17,Local:10:59UTC:05:14,27.34,86.27,4.0,NSC,Okhaldhunga,Did You feel it ?
45,B.S:2072-12-3 A.D:2016-03-15,Local:03:12UTC:21:27,27.84,85.73,4.5,NSC,Sindhupalchowk,Did You feel it ?
46,B.S:2072-11-30 A.D:2016-03-13,Local:11:00UTC:05:15,27.83,84.9,4.8,NSC,Dhading,Did You feel it ?
47,B.S:2072-11-28 A.D:2016-03-11,Local:15:13UTC:09:28,27.9,85.87,4.2,NSC,Sindhupalchowk,Did You feel it ?
48,B.S:2072-11-25 A.D:2016-03-07,Local:13:50UTC:8:05 AM,30.22,81.7,4.4,NSC/RSC,Humla,Did You feel it ?
49,B.S:2072-11-23 A.D:2016-03-06,Local:07:10UTC:01:25,27.69,85.93,4.0,NSC,Sindhupalchowk,Did You feel it ?
50,B.S:2072-11-18 A.D:2016-03-01,Local:16:30UTC:10:45,27.79,85.73,4.3,NSC,Sindhupalchowk,Did You feel it ?
51,B.S:2072-11-12 A.D:2016-02-24,Local:15:07UTC:09:22,27.8,85.74,5.4,NSC,Sindhupalchok,Did You feel it ?
52,B.S:2072-11-12 A.D:2016-02-23,Local:08:45UTC:3:00 AM,27.47,87.15,4.5,NSC,Sankhuwasava,Did You feel it ?
53,B.S:2072-11-9 A.D:2016-02-21,Local:23:54UTC:18:09,28.08,84.76,5.5,NSC,Gorkha,Did You feel it ?
54,B.S:2072-11-9 A.D:2016-02-20,Local:03:54UTC:22:09,27.86,85.29,4.1,NSC,Nuwakot,Did You feel it ?
55,B.S:2072-11-1 A.D:2016-02-13,Local:20:22UTC:14:37,27.81,85.72,4.3,NSC,Sindhupalchowk,Did You feel it ?
56,B.S:2072-10-27 A.D:2016-02-10,Local:22:12UTC:16:27,27.84,85.71,4.6,NSC,Sindhupalchowk,Did You feel it ?
57,B.S:2072-10-22 A.D:2016-02-05,Local:22:05UTC:16:20,27.95,85.52,5.5,NSC,Sindhupalchowk,Did You feel it ?
58,B.S:2072-10-13 A.D:2016-01-27,Local:20:42UTC:14:57,26.68,86.27,4.2,NSC,Siraha,Did You feel it ?
59,B.S:2072-10-14 A.D:2016-01-27,Local:02:27UTC:8:42 PM,27.83,85.83,4.4,NSC,Sindhupalchowk,Did You feel it ?
60,B.S:2072-10-9 A.D:2016-01-22,Local:01:07UTC:19:22,28.06,85.09,4.6,NSC,Nuwakot,Did You feel it ?
61,B.S:2072-10-1 A.D:2016-01-15,Local:22:59UTC:17:14,27.65,86.23,4.3,NSC,Dolakha,Did You feel it ?
62,B.S:2072-10-1 A.D:2016-01-15,Local:18:50UTC:13:05,27.63,86.25,4.1,NSC,Dolakha,Did You feel it ?
63,B.S:2072-9-25 A.D:2016-01-09,Local:23:28UTC:17:43,27.48,86.01,4.4,NSC,Ramechhap,Did You feel it ?
64,B.S:2072-9-20 A.D:2016-01-04,Local:18:47UTC:13:02,27.75,86.12,4.1,NSC,Dolakha,Did You feel it ?
65,B.S:2072-9-19 A.D:2016-01-02,Local:03:15UTC:21:30,28.01,85.8,4.2,NSC,Sindhupalchowk,Did You feel it ?
1,B.S:2074-9-14 A.D:2017-12-28,Local:13:30UTC:7:45,29.82,80.76,4.5,RSC/NSC,Darchula,Did You feel it ?
2,B.S:2074-9-3 A.D:2017-12-18,Local:17:18UTC:11:33,27.96,85.68,4.2,NSC,Sindhupalchowk,Did You feel it ?
3,B.S:2074-8-22 A.D:2017-12-08,Local:08:36UTC:02:51,27.63,86.19,5.2,NSC,Dolakha,Did You feel it ?
4,B.S:2074-7-21 A.D:2017-11-06,Local:08:54UTC:3:09 AM,29.78,81.28,4.5,RSC/NSC,Bajhang,Did You feel it ?
5,B.S:2074-7-9 A.D:2017-10-26,Local:18:36UTC:12:51 PM,29.08,81.45,4.0,NSC/RSC,Achham,Did You feel it ?
6,B.S:2074-6-29 A.D:2017-10-15,Local:05:02UTC:11:17 PM,28.5,83.32,4.2,NSC,Myagdi,Did You feel it ?
7,B.S:2074-6-17 A.D:2017-10-02,Local:07:07UTC:1:22 AM,28.83,82.55,4.1,NSC/RSC,Rukum,Did You feel it ?
8,B.S:2074-6-5 A.D:2017-09-21,Local:13:04UTC:07:19,27.62,86.25,4.6,NSC,Dolakha,Did You feel it ?
9,B.S:2074-5-8 A.D:2017-08-24,Local:16:25UTC:10:40,28.06,85.94,4.8,NSC,Sindhupalchok-Tibet border,Did You feel it ?
10,B.S:2074-5-6 A.D:2017-08-22,Local:06:35UTC:12:50 AM,29.41,81.1,4.9,RSC/NSC,Bajhang,Did You feel it ?
11,B.S:2074-5-5 A.D:2017-08-21,Local:17:48UTC:12:03,27.66,86.27,4.6,NSC,Dolakha,Did You feel it ?
12,B.S:2074-4-9 A.D:2017-07-24,Local:10:29UTC:04:44,27.56,85.96,4.0,NSC,Dolakha,Did You feel it ?
13,B.S:2074-4-1 A.D:2017-07-15,Local:22:20UTC:4:35 PM,28.94,81.75,4.0,NSC/RSC,Dailekh,Did You feel it ?
14,B.S:2074-3-18 A.D:2017-07-02,Local:07:43UTC:01:58,27.34,86.49,5.1,NSC,Okhaldhunga,Did You feel it ?
15,B.S:2074-3-15 A.D:2017-06-28,Local:00:09UTC:18:24,27.66,86.41,4.2,NSC,Ramechhap,Did You feel it ?
16,B.S:2074-3-1 A.D:2017-06-14,Local:09:27UTC:3:42 AM,27.88,88.13,4.1,NSC,Taplejung-Tibet Border,Did You feel it ?
17,B.S:2074-2-29 A.D:2017-06-12,Local:17:39UTC:11:54,27.62,86.1,4.1,NSC,Dolakha,Did You feel it ?
18,B.S:2074-2-17 A.D:2017-05-30,Local:23:23UTC:5:38 PM,29.64,80.97,4.1,RSC/NSC,Bajhang,Did You feel it ?
19,B.S:2074-1-12 A.D:2017-04-24,Local:20:49UTC:3:04 PM,29.75,81.31,4.1,NSC/RSC,Bajhang,Did You feel it ?
20,B.S:2074-1-11 A.D:2017-04-24,Local:17:04UTC:11:19,27.86,85.77,4.2,NSC,Sindhupalchowk,Did You feel it ?
21,B.S:2073-11-28 A.D:2017-03-10,Local:07:28UTC:1:43 AM,30.37,81.57,4.1,RSC/NSC,Humla,Did You feel it ?
22,B.S:2073-11-16 A.D:2017-02-27,Local:10:06UTC:04:21,27.38,86.13,4.7,NSC,Ramechhap,Did You feel it ?
23,B.S:2073-11-16 A.D:2017-02-27,Local:09:22UTC:03:37,27.36,86.12,4.6,NSC,Ramechhap,Did You feel it ?
24,B.S:2073-11-7 A.D:2017-02-18,Local:06:00UTC:00:15,27.79,84.8,4.0,NSC,Dhading,Did You feel it ?
25,B.S:2073-10-28 A.D:2017-02-10,Local:16:58UTC:11:13 AM,29.88,80.61,4.1,NSC/RSC,Darchula,Did You feel it ?
26,B.S:2073-10-22 A.D:2017-02-04,Local:17:58UTC:12:13,27.73,86.08,4.4,NSC,Dolakha,Did You feel it ?
27,B.S:2073-9-20 A.D:2017-01-03,Local:00:26UTC:6:41 PM,29.71,81.57,4.0,RSC/NSC,Bajura,Did You feel it ?
1,B.S:2075-9-8 A.D:2018-12-22,Local:05:06UTC:23:21,27.85,85.76,4.7,NSC,Sindhupalchok,Did You feel it ?
2,B.S:2075-7-8 A.D:2018-10-25,Local:07:07UTC:01:22,27.72,86.02,4.0,NSC,Sindhupalchok/Dolakha,Did You feel it ?
3,B.S:2075-6-20 A.D:2018-10-06,Local:10:52UTC:05:07,28.94,81.72,4.3,RSC/NSC,Dailekh,Did You feel it ?
4,B.S:2075-6-19 A.D:2018-10-05,Local:21:45UTC:16:00,28.93,81.7,4.0,RSC/NSC,Dailekh,Did You feel it ?
5,B.S:2075-6-19 A.D:2018-10-05,Local:12:53UTC:07:08,28.94,81.74,4.0,RSC/NSC,Dailekh,Did You feel it ?
6,B.S:2075-6-4 A.D:2018-09-19,Local:01:42UTC:19:57,28.57,82.88,4.0,NSC,East Rukum,Did You feel it ?
7,B.S:2075-5-13 A.D:2018-08-29,Local:23:35UTC:17:50,27.79,87.41,4.2,NSC,Sankhuwasabha,Did You feel it ?
8,B.S:2075-5-8 A.D:2018-08-24,Local:18:16UTC:12:31,27.5,88.04,4.5,NSC,Taplejung,Did You feel it ?
9,B.S:2075-4-17 A.D:2018-08-02,Local:14:32UTC:08:47,27.66,86.1,4.2,NSC,Dolakha,Did You feel it ?
10,B.S:2075-4-8 A.D:2018-07-24,Local:17:44UTC:11:59,27.94,85.51,4.3,NSC,Sindhupalchok,Did You feel it ?
11,B.S:2075-4-8 A.D:2018-07-24,Local:08:30UTC:02:45,27.75,84.87,4.8,NSC,Dhading,Did You feel it ?
12,B.S:2075-4-2 A.D:2018-07-18,Local:11:15UTC:05:30,29.02,81.51,4.2,RSC/NSC,Dailekh,Did You feel it ?
13,B.S:2075-4-1 A.D:2018-07-17,Local:22:52UTC:17:07,27.82,84.81,4.4,NSC,Dhading,Did You feel it ?
14,B.S:2075-3-29 A.D:2018-07-13,Local:08:58UTC:03:13,29.57,81.56,4.1,RSC/NSC,Bajura,Did You feel it ?
15,B.S:2075-3-21 A.D:2018-07-05,Local:07:21UTC:01:36,28.11,85.04,4.1,NSC,Dhading,Did You feel it ?
16,B.S:2075-3-14 A.D:2018-06-28,Local:09:52UTC:04:07,27.87,84.91,5.0,NSC,Dhading,Did You feel it ?
17,B.S:2075-3-6 A.D:2018-06-20,Local:10:00UTC:04:15,27.31,87.9,4.7,NSC,Taplejung,Did You feel it ?
18,B.S:2075-3-6 A.D:2018-06-20,Local:09:54UTC:04:09,27.36,88.01,4.8,NSC,Taplejung,Did You feel it ?
19,B.S:2075-2-22 A.D:2018-06-05,Local:07:19UTC:01:34,29.68,81.65,4.9,RSC/NSC,Bajura,Did You feel it ?
20,B.S:2075-2-18 A.D:2018-06-01,Local:21:07UTC:15:22,27.68,86.11,4.3,NSC,Dolakha,Did You feel it ?
21,B.S:2075-2-17 A.D:2018-05-31,Local:21:45UTC:16:00,28.9,81.77,4.3,RSC/NSC,Dailekh,Did You feel it ?
22,B.S:2075-2-18 A.D:2018-05-31,Local:02:17UTC:20:32,28.17,84.89,4.1,NSC,gorkha,Did You feel it ?
23,B.S:2075-2-10 A.D:2018-05-24,Local:20:10UTC:14:25,29.98,80.54,4.6,RSC/NSC,Dharchula,Did You feel it ?
24,B.S:2075-1-22 A.D:2018-05-05,Local:20:49UTC:15:04,27.74,88.13,4.4,NSC,Taplejung,Did You feel it ?
25,B.S:2074-11-18 A.D:2018-03-02,Local:10:51UTC:05:06,27.7,86.33,4.6,NSC,Dolakha,Did You feel it ?
26,B.S:2074-11-15 A.D:2018-02-26,Local:00:45UTC:19:00,27.7,86.33,4.7,NSC,Dolakha,Did You feel it ?
27,B.S:2074-11-9 A.D:2018-02-21,Local:21:44UTC:15:59,28.07,85.96,4.3,NSC,Tibet,Did You feel it ?
28,B.S:2074-10-5 A.D:2018-01-19,Local:08:38UTC:02:53,27.72,86.01,4.3,NSC,Dolakha,Did You feel it ?
1,B.S:2076-1-29 A.D:2019-05-11,Local:00:36UTC:18:51,28.98,81.78,5.1,RSC/NSC,Dailekh,Did You feel it ?
2,B.S:2076-1-21 A.D:2019-05-04,Local:08:37UTC:02:52,27.94,85.72,4.0,NSC,Sindhupalchowk,Did You feel it ?
3,B.S:2076-1-16 A.D:2019-04-29,Local:11:35UTC:05:50,27.93,85.94,4.0,NSC,Sindhupalchowk,Did You feel it ?
4,B.S:2076-1-11 A.D:2019-04-24,Local:06:40UTC:00:55,27.7,85.14,4.3,NSC,Dhading,Did You feel it ?
5,B.S:2076-1-11 A.D:2019-04-24,Local:06:29UTC:00:44,27.69,85.17,5.2,NSC,Dhading,Did You feel it ?
6,B.S:2076-1-3 A.D:2019-04-16,Local:12:35UTC:06:50,28.0,84.76,4.5,NSC,Gorkha,Did You feel it ?
7,B.S:2076-1-2 A.D:2019-04-14,Local:04:27UTC:22:42,29.49,81.24,4.8,RSC/NSC,Bajhang,Did You feel it ?
8,B.S:2075-12-30 A.D:2019-04-13,Local:10:25UTC:04:40,28.03,85.38,4.6,NSC,Rasuwa,Did You feel it ?
9,B.S:2075-12-26 A.D:2019-04-09,Local:13:05UTC:07:20,27.76,86.27,4.2,NSC,Dolakha,Did You feel it ?
10,B.S:2075-12-18 A.D:2019-04-01,Local:20:47UTC:15:02,28.98,81.69,4.1,RSC/NSC,Dailekh,Did You feel it ?
11,B.S:2075-12-4 A.D:2019-03-18,Local:09:01UTC:03:16,27.63,85.16,4.1,NSC,Makawanpur,Did You feel it ?
12,B.S:2075-11-14 A.D:2019-02-26,Local:16:20UTC:10:35,27.84,85.95,4.1,NSC,Sindhupalchok,Did You feel it ?
13,B.S:2075-11-14 A.D:2019-02-26,Local:16:15UTC:10:30,27.66,86.0,4.4,NSC,Dolakha,Did You feel it ?
14,B.S:2075-11-4 A.D:2019-02-16,Local:20:34UTC:14:49,27.68,85.27,4.0,NSC,Kathmandu,Did You feel it ?
15,B.S:2075-11-2 A.D:2019-02-14,Local:17:11UTC:11:26,27.81,88.18,4.6,NSC,Taplejung,Did You feel it ?
16,B.S:2075-10-8 A.D:2019-01-22,Local:22:30UTC:16:45,27.09,86.96,4.5,NSC,Bhojpur,Did You feel it ?
17,B.S:2075-9-26 A.D:2019-01-10,Local:11:34UTC:05:49,27.6,86.31,4.5,NSC,Ramechhap,Did You feel it ?
